nom_fichier;top_trois_mots;url(s);resultat_test_URL;date_test_URL;responsable_URL;internet_archive_status;internet_archive_dispo;internet_archive_url;internet_archive_timestamp
content/ID624.eml;the,to,you
content/ID1184.eml;fist,The,are
content/ID1232.eml;Internet,the,to
content/ID37.eml;com,nerc,the
content/ID185.eml;Thank,to,you
content/ID149.eml;Amount,payment,status;http://expensexms.enron.com;200;2021-08-31 19:01:19.109945;expensexms.enron.com;None;None;None;None
content/ID441.eml;and,the,to
content/ID696.eml;for,to,you
content/ID648.eml;Hope,Yahoo,doc;http://phonecard.yahoo.com;301;2021-08-31 19:01:20.422295;phonecard.yahoo.com;200;True;http://web.archive.org/web/20140724083000/https://phonecard.yahoo.com/;20140724083000
content/ID752.eml;Attached,find,please
content/ID1360.eml;have,my,to
content/ID1300.eml;the,to,will
content/ID269.eml;Please,link,to;http://etcsurvey.corp.enron.com/wi/p0630528/i.asp?r=711&s=HJLUHHJA&l=9;404;2021-08-31 19:01:22.181569;etcsurvey.corp.enron.com;None;None;None;None
content/ID740.eml;Hoover,and,the;http://esource.enron.com/training.doc;404;2021-08-31 19:01:23.404203;esource.enron.com;None;None;None;None
content/ID1128.eml;Entergy,operating,and
content/ID1108.eml;MEETING,staff,THE
content/ID65.eml;agreement,of,the
content/ID1140.eml;investment,the,your
content/ID884.eml;ERCOT,tags,the
content/ID1376.eml;Call,Juan,at
content/ID1148.eml;Please,mark,to
content/ID1220.eml;pa,Pittsburgh,and
content/ID988.eml;and,the,to
content/ID480.eml;;http://www.lafghanistan.com/laflist.asp;200;2021-08-31 19:01:25.764393;www.lafghanistan.com;200;True;http://web.archive.org/web/20210125130616/http://www.lafghanistan.com/laflist.asp;20210125130616
content/ID1208.eml;HE,Oasis,the
content/ID940.eml;BB,pls,review
content/ID488.eml;xxx,the,to
content/ID1296.eml;Houston,at,the;http://home.enron.com/employeemeeting.;404;2021-08-31 19:01:27.193430;home.enron.com;None;None;None;None
content/ID413.eml;Don,Juan,with
content/ID353.eml;is,presentation,the
content/ID361.eml;and,the,your
content/ID632.eml;bang,file,Tran
content/ID1344.eml;link,the,to;http://etcsurvey.corp.enron.com/wi/p0639782/i.asp?r=38286&s=JLJMCIRB&l=9;404;2021-08-31 19:01:29.753805;etcsurvey.corp.enron.com;None;None;None;None
content/ID145.eml;jone,in,your
content/ID401.eml;and,the,to
content/ID1336.eml;is,of,the
content/ID333.eml;platinum,SDC,of;http://esource.enron.com/training.doc;404;2021-08-31 19:01:31.289427;esource.enron.com;None;None;None;None
content/ID61.eml;Inc,Power,and
content/ID1052.eml;thi,great,is;http://www.fieler.com/terror;200;2021-08-31 19:01:32.048293;www.fieler.com;200;True;http://web.archive.org/web/20210726211239/http://www.fieler.com/terror/;20210726211239
content/ID1240.eml;chairman,and,the;http://ethink.enron.com/eSpeak/exec/default.asp);404;2021-08-31 19:01:33.234829;ethink.enron.com;None;None;None;None
content/ID1088.eml;Thanks,for,further
content/ID1412.eml;and,the,you
content/ID756.eml;it,KEEP,pleas
content/ID1248.eml;application,be,the
content/ID109.eml;and,the,to
content/ID85.eml;IN,TO,WOULD
content/ID297.eml;00,the,to
content/ID397.eml;CST,October,the
content/ID125.eml;concur,expense,the;http://isc.enron.com/site/doclibrary/user/default.asp,http://iscedcenter.enron.com/docentlm/login.htm.,http://isc.dev.corp.enron.com/site/XMSchange.htm.;404,404,404;2021-08-31 19:01:35.898346,2021-08-31 19:01:36.307118,2021-08-31 19:01:36.715566;isc.enron.com,iscedcenter.enron.com,isc.dev.corp.enron.com;None,None,None;None,None,None;None,None,None;None,None,None
content/ID453.eml;access,and,you
content/ID568.eml;Entergy,the,to
content/ID992.eml;Learn,about,more
content/ID628.eml;IN,TO,WOULD
content/ID49.eml;for,of,the
content/ID872.eml;FOR,ONDA,que
content/ID253.eml;and,the,to
content/ID716.eml;00,10,at
content/ID237.eml;Entergy,folk,is
content/ID233.eml;requirement,and,the
content/ID636.eml;enron,the,to;http://cr.enron.com/eia.html;404;2021-08-31 19:01:45.113704;cr.enron.com;None;None;None;None
content/ID856.eml;and,for,the
content/ID744.eml;ashamed,of,you
content/ID536.eml;and,the,to
content/ID916.eml;enron,in,the;http://cr.enron.com/eia.html;404;2021-08-31 19:01:47.571697;cr.enron.com;None;None;None;None
content/ID936.eml;and,the,to
content/ID249.eml;changed,HAS,MEETING
content/ID1036.eml;and,the,to;http://www.corptraining.com/index.cfm?company=enron.;404;2021-08-31 19:01:48.567542;www.corptraining.com;None;None;None;None
content/ID564.eml;ee,customer,to
content/ID1224.eml;TRW,has,to
content/ID201.eml;David,can,you
content/ID840.eml;Email,policy,will
content/ID1084.eml;of,the,to
content/ID676.eml;have,the,to
content/ID672.eml;the,to,will
content/ID1060.eml;and,the,to
content/ID596.eml;that,the,to
content/ID904.eml;and,or,the
content/ID69.eml;and,of,to
content/ID1068.eml;com,or,the
content/ID848.eml;they,to,will
content/ID692.eml;changed,HAS,MEETING
content/ID604.eml;Analyst,Associate,and
content/ID804.eml;currer,the,you
content/ID1236.eml;CITY,hernandez,KANSAS;http://phonecard.yahoo.com;301;2021-08-31 19:01:51.434280;phonecard.yahoo.com;200;True;http://web.archive.org/web/20140724083000/https://phonecard.yahoo.com/;20140724083000
content/ID209.eml;enron,com,the
content/ID1016.eml;Amount,payment,status;http://expensexms.enron.com;200;2021-08-31 19:01:54.125395;expensexms.enron.com;None;None;None;None
content/ID560.eml;September,for,to
content/ID1416.eml;the,to,your
content/ID189.eml;CITY,KANSAS,terminal
content/ID1000.eml;enron,in,the
content/ID1288.eml;and,the,to
content/ID433.eml;the,threat,we
content/ID197.eml;and,the,to
content/ID1312.eml;and,to,you;http://www.mapquest.com/cgi-bin/mqtrip?shared_uid=e6y7jei4yahco8os&link=btwn,http://www.mapquest.com/cgi-bin/mqtrip?shared_uid=ecy5jej4yahco8on&link=btwn,http://www.mapquest.com/cgi-bin/mqtrip?shared_uid=e7y44ek4yahco8js&link=btwn;301,301,301;2021-08-31 19:01:55.662232,2021-08-31 19:01:55.872016,2021-08-31 19:01:56.087085;www.mapquest.com,www.mapquest.com,www.mapquest.com;None,None,None;None,None,None;None,None,None;None,None,None
content/ID1012.eml;Market,original,update
content/ID137.eml;Baughman,original,for
content/ID828.eml;Energy,Industry,minute;http://esource.enron.com/hot_topics.asp;404;2021-08-31 19:01:59.962091;esource.enron.com;None;None;None;None
content/ID512.eml;and,in,the
content/ID1340.eml;From,message,original
content/ID984.eml;information,that,the
content/ID177.eml;and,to,will
content/ID121.eml;for,group,to
content/ID1320.eml;of,to,you
content/ID261.eml;Johnny,in,to
content/ID492.eml;article,power,transmission
content/ID1008.eml;enron,com,enron
content/ID325.eml;of,the,to;http://www.chron.com/content/community/religious;301;2021-08-31 19:02:04.371546;www.chron.com;200;True;http://web.archive.org/web/20060820040920/http://www.chron.com:80/content/community/religious/;20060820040920
content/ID1324.eml;If,can,not
content/ID1064.eml;application,be,the
content/ID421.eml;and,the,to
content/ID1192.eml;October,is,our
content/ID572.eml;enron,the,to
content/ID405.eml;and,the,work
content/ID329.eml;AND,pler,THE
content/ID449.eml;00,10,at
content/ID644.eml;the,to,travel;http://home.enron.com;200;2021-08-31 19:02:06.514562;home.enron.com;200;True;http://web.archive.org/web/20210330125530/http://home.enron.com/;20210330125530
content/ID1168.eml;message,original,RTO;http://eastpower.dev.corp.enron.com/portal;404;2021-08-31 19:02:07.742980;eastpower.dev.corp.enron.com;None;None;None;None
content/ID1380.eml;ect,enron,hou
content/ID948.eml;00,2001,at
content/ID1100.eml;Freez,Notis,October
content/ID524.eml;IPTV,availabl,for
content/ID720.eml;and,the,to
content/ID285.eml;and,the,will;http://toinfo.oasis.mapp.org/oac/oac2/script/atcs.html;302;2021-08-31 19:02:09.671971;toinfo.oasis.mapp.org;None;None;None;None
content/ID317.eml;the,to,use
content/ID736.eml;Joe,and,picked
content/ID928.eml;of,the,to;http://egmfundy.corp.enron.com;200;2021-08-31 19:02:11.431075;egmfundy.corp.enron.com;None;None;None;None
content/ID157.eml;realtime,employeer,the
content/ID688.eml;Please,click,the
content/ID321.eml;enron,the,you
content/ID1396.eml;the,to,will
content/ID1156.eml;Dynegy,that,the
content/ID1004.eml;for,the,you
content/ID73.eml;get,my,to;http://malford.ci.austin.tx.us/boards/search.cfm;302;2021-08-31 19:02:14.707897;malford.ci.austin.tx.us;200;True;http://web.archive.org/web/20101010121031/http://malford.ci.austin.tx.us:80/boards/search.cfm;20101010121031
content/ID193.eml;and,or,the
content/ID576.eml;are,staff,the
content/ID1040.eml;Gulf,and,the
content/ID608.eml;in,it,the
content/ID748.eml;thi,to,you
content/ID944.eml;We,received,the
content/ID101.eml;and,the,to;http://home.enron.com;200;2021-08-31 19:02:16.755799;home.enron.com;200;True;http://web.archive.org/web/20210330125530/http://home.enron.com/;20210330125530
content/ID800.eml;DOE,and,to
content/ID1164.eml;and,clas,for
content/ID385.eml;is,the,to
content/ID540.eml;hourly,the,to
content/ID700.eml;doc,mail,the
content/ID41.eml;are,the,to
content/ID896.eml;item,the,to
content/ID1132.eml;Don,Juan,Please
content/ID1408.eml;image,trade,of
content/ID29.eml;Amount,approval,status;http://expensexms.enron.com;200;2021-08-31 19:02:19.623147;expensexms.enron.com;None;None;None;None
content/ID920.eml;spp,of,the
content/ID1212.eml;enron1,ENRON2,wav
content/ID373.eml;aep,the,to
content/ID684.eml;Cominco,Ltd,The
content/ID97.eml;fist,are,the
content/ID900.eml;august,cube,PM
content/ID1044.eml;that,the,you
content/ID369.eml;Exelon,please,the
content/ID912.eml;of,option,to
content/ID816.eml;Arkansas,Entergy,and
content/ID472.eml;duke,the,to
content/ID1356.eml;of,the,to
content/ID313.eml;IS,THE,truck
content/ID1032.eml;and,stuff,to
content/ID205.eml;and,you,your
content/ID389.eml;for,the,website
content/ID996.eml;and,the,to
content/ID784.eml;the,to,your
content/ID876.eml;hernandez,JUAN,TULSA;http://phonecard.yahoo.com;301;2021-08-31 19:02:23.049516;phonecard.yahoo.com;200;True;http://web.archive.org/web/20140724083000/https://phonecard.yahoo.com/;20140724083000
content/ID556.eml;and,of,the
content/ID429.eml;TieOutAdministrator,com,pwrteam
content/ID1092.eml;non,reservation,terminal;http://phonecard.yahoo.com;301;2021-08-31 19:02:24.977026;phonecard.yahoo.com;200;True;http://web.archive.org/web/20140724083000/https://phonecard.yahoo.com/;20140724083000
content/ID1256.eml;fundamental,Overview,presentation
content/ID812.eml;00,nexi,to;http://esource.enron.com/training.htm;404;2021-08-31 19:02:26.074701;esource.enron.com;None;None;None;None
content/ID1348.eml;for,the,to
content/ID217.eml;Please,see,the
content/ID860.eml;any,the,to
content/ID17.eml;and,for,that
content/ID504.eml;and,the,to
content/ID25.eml;Amount,payment,status;http://expensexms.enron.com;200;2021-08-31 19:02:27.711996;expensexms.enron.com;None;None;None;None
content/ID712.eml;enron,the,to;http://cr.enron.com/eia.html;404;2021-08-31 19:02:28.536247;cr.enron.com;None;None;None;None
content/ID1176.eml;the,to,with
content/ID1172.eml;enron,of,the
content/ID357.eml;LIM,MIMIC,the
content/ID1276.eml;the,to,work
content/ID265.eml;thi,request,you
content/ID932.eml;that,the,to
content/ID952.eml;and,my,to
content/ID1024.eml;and,the,work
content/ID1056.eml;and,the,work
content/ID496.eml;model,the,to
content/ID832.eml;pay,the,your
content/ID1268.eml;of,pleading,the
content/ID724.eml;outlook,to,your
content/ID776.eml;and,the,to
content/ID1284.eml;is,the,to
content/ID1272.eml;and,of,the
content/ID908.eml;Northern,Power,States
content/ID652.eml;and,the,to
content/ID1392.eml;Shockwave,and,you;http://www.shockwave.com/rd/unsubscribe.cgi,http://www.shockwave.com/bin/shockwave/download/shockmachine/index.jsp?pack=midway,http://www.shockwave.com/bin/shockwave/download/shockmachine/index.jsp?pack=favorites,http://photojam.shockwave.com,http://www.shockwave.com;301,301,301,200,301;2021-08-31 19:02:31.593075,2021-08-31 19:02:31.663605,2021-08-31 19:02:31.728207,2021-08-31 19:02:32.218456,2021-08-31 19:02:32.287949;www.shockwave.com,www.shockwave.com,www.shockwave.com,photojam.shockwave.com,www.shockwave.com;None,None,None,200,200;None,None,None,True,True;None,None,None,http://web.archive.org/web/20210125051734/http://photojam.shockwave.com/,http://web.archive.org/web/20210829204919/https://www.shockwave.com/;None,None,None,20210125051734,20210829204919
content/ID468.eml;and,the,to
content/ID1180.eml;the,to,you
content/ID337.eml;enron,xxx,the
content/ID600.eml;Amount,payment,status;http://expensexms.enron.com;200;2021-08-31 19:02:36.724533;expensexms.enron.com;None;None;None;None
content/ID796.eml;enron,the,to
content/ID13.eml;IN,TO,WOULD
content/ID668.eml;enron,and,the
content/ID1384.eml;30,45,and;http://elm.enron.com;200;2021-08-31 19:02:39.079888;elm.enron.com;None;None;None;None
content/ID117.eml;Associate,the,you
content/ID1048.eml;metastock,the,you
content/ID844.eml;01,City,of
content/ID1244.eml;firm,the,to
content/ID616.eml;Northern,States,the
content/ID1264.eml;atlanta,houston,non;http://phonecard.yahoo.com;301;2021-08-31 19:02:41.455963;phonecard.yahoo.com;200;True;http://web.archive.org/web/20140724083000/https://phonecard.yahoo.com/;20140724083000
content/ID1200.eml;NewMiddleEast,jpg
content/ID465.eml;file,bash,bin
content/ID445.eml;ena,and,the
content/ID141.eml;bet,don,they;http://www.ruf.rice.edu/~bifrost/about.html,http://www.ruf.rice.edu/~bifrost/beer.html;404,404;2021-08-31 19:02:43.277057,2021-08-31 19:02:43.686986;www.ruf.rice.edu,www.ruf.rice.edu;200,200;True,True;http://web.archive.org/web/20040811005028/http://www.ruf.rice.edu:80/~bifrost/about.html,http://web.archive.org/web/20041020005449/http://www.ruf.rice.edu:80/~bifrost/beer.html;20040811005028,20041020005449
content/ID612.eml;file,Palmer,Thanks
content/ID780.eml;We,received,the
content/ID1328.eml;and,of,the
content/ID592.eml;and,mail,the;http://www.capecodonline.com/cctimes/xzdonzxt12.htm;301;2021-08-31 19:02:48.401340;www.capecodonline.com;None;None;None;None
content/ID508.eml;Samuel,need,the
content/ID1216.eml;energy,in,with
content/ID728.eml;and,the,to
content/ID281.eml;that,the,will
content/ID277.eml;;http://www.geocities.com/Colosseum/Track/2855/col1.html;502;2021-08-31 19:02:49.827729;www.geocities.com;200;True;http://web.archive.org/web/20091020090416/http://geocities.com/Colosseum/Track/2855/col1.html;20091020090416
content/ID21.eml;presto,There,will
content/ID169.eml;gun,in,of
content/ID476.eml;of,the,to;http://ecteur-wwhr1p.enron.co.uk,http://ehronline.enron.com.;301,200;2021-08-31 19:02:51.862037,2021-08-31 19:02:52.309085;ecteur-wwhr1p.enron.co.uk,ehronline.enron.com;None,200;None,True;None,http://web.archive.org/web/20210410113451/http://ehronline.enron.com/;None,20210410113451
content/ID1072.eml;the,to,wer
content/ID732.eml;You,the,to
content/ID1404.eml;Attached,is,my
content/ID33.eml;00,2001,at
content/ID1368.eml;of,the,to
content/ID293.eml;and,the,work
content/ID1388.eml;the,to,your;http://ehronline.enron.com.,http://hrweb.enron.com.;200,200;2021-08-31 19:02:55.361396,2021-08-31 19:02:55.771463;ehronline.enron.com,hrweb.enron.com;200,200;True,True;http://web.archive.org/web/20210410113451/http://ehronline.enron.com/,http://web.archive.org/web/20201126034248/http://hrweb.enron.com/;20210410113451,20201126034248
content/ID437.eml;is,tariff,to
content/ID1304.eml;enron,Marketing,Power;http://fundamentals.corp.enron.com/main.asp;404;2021-08-31 19:02:57.819428;fundamentals.corp.enron.com;None;None;None;None
content/ID1144.eml;From,message,original;http://eastpower.test.corp.enron.com/portal;404;2021-08-31 19:02:58.853653;eastpower.test.corp.enron.com;None;None;None;None
content/ID924.eml;to,you,your
content/ID820.eml;access,the,to
content/ID768.eml;ceo,enron,Services
content/ID1352.eml;As,for,the
content/ID305.eml;be,the,to
content/ID173.eml;aol,com,the
content/ID93.eml;Elizabethtown,Lumberton,and
content/ID544.eml;are,know,the
content/ID836.eml;Amount,approval,status;http://expensexms.enron.com;200;2021-08-31 19:03:00.584456;expensexms.enron.com;None;None;None;None
content/ID1292.eml;HE,mw,ON
content/ID1112.eml;for,guy,the
content/ID89.eml;Entergy,of,protest
content/ID588.eml;Amount,payment,status;http://expensexms.enron.com;200;2021-08-31 19:03:01.608057;expensexms.enron.com;None;None;None;None
content/ID956.eml;HE,mw,the
content/ID964.eml;of,the,to
content/ID552.eml;our,to,you
content/ID1332.eml;and,is,report;http://esource.enron.com/hot_topics.asp;404;2021-08-31 19:03:02.734726;esource.enron.com;None;None;None;None
content/ID864.eml;We,have,the
content/ID976.eml;Metastock,Symms,back;http://eastpower.dev.corp.enron.com/portal,http://eastpower.test.corp.enron.com/portal;404,404;2021-08-31 19:03:03.757247,2021-08-31 19:03:04.167885;eastpower.dev.corp.enron.com,eastpower.test.corp.enron.com;None,None;None,None;None,None;None,None
content/ID680.eml;and,that,the
content/ID257.eml;ee,the,to
content/ID213.eml;Johnny,in,of
content/ID105.eml;ecn,October,at
content/ID221.eml;information,please,the
content/ID1308.eml;the,thi,to;http://etcsurvey.corp.enron.com/wi/p0714726/i.asp?r=6377&s=VPHUONFN&l=9;404;2021-08-31 19:03:06.117604;etcsurvey.corp.enron.com;None;None;None;None
content/ID113.eml;effectif,Negotiating,that
content/ID772.eml;FERC,and,the
content/ID1116.eml;for,in,the
content/ID1136.eml;Hey,guy,the
content/ID273.eml;houston,non,TX;http://phonecard.yahoo.com;301;2021-08-31 19:03:08.268430;phonecard.yahoo.com;200;True;http://web.archive.org/web/20140724083000/https://phonecard.yahoo.com/;20140724083000
content/ID808.eml;and,to,will;http://home.enron.com/pubs/powerdaily/data/powerdaily.10.12.2001.pdf;404;2021-08-31 19:03:09.697648;home.enron.com;None;None;None;None
content/ID792.eml;00,2001,at
content/ID457.eml;that,the,will
content/ID417.eml;in,pay,to;http://etcsurvey.corp.enron.com/wi/p0810709/i.asp?r=16320&s=LFVOPHDK&l=9;404;2021-08-31 19:03:11.131104;etcsurvey.corp.enron.com;None;None;None;None
content/ID1252.eml;There,be,will
content/ID45.eml;Vegas,the,to
content/ID500.eml;Juan,it,wer
content/ID788.eml;be,week,will
content/ID1124.eml;have,page,to
content/ID708.eml;and,the,to
content/ID1196.eml;CRC,the,to
content/ID1028.eml;and,of,to
content/ID425.eml;the,ve,with
content/ID704.eml;any,discus,for
content/ID484.eml;of,to,you
content/ID620.eml;Johnny,for,would
content/ID760.eml;program,for,the
content/ID341.eml;From,message,original
content/ID516.eml;and,of,to
content/ID245.eml;not,to,with
content/ID381.eml;Hey,did,to
content/ID640.eml;Access,Global,of;http://esource.enron.com/training.doc;404;2021-08-31 19:03:15.637228;esource.enron.com;None;None;None;None
content/ID1364.eml;feedback,have,the;http://pep.enron.com;200;2021-08-31 19:03:16.473325;pep.enron.com;None;None;None;None
content/ID153.eml;the,to,you
content/ID1228.eml;xm,in,the
content/ID1120.eml;and,in,to
content/ID888.eml;and,the,to
content/ID181.eml;Excel,in,the
content/ID528.eml;in,the,to;http://elm.enron.com;200;2021-08-31 19:03:18.504968;elm.enron.com;None;None;None;None
content/ID1372.eml;and,of,the;http://www.friedwire.com/trafficreport/login/fwlogin.jsp;302;2021-08-31 19:03:19.345387;www.friedwire.com;200;True;http://web.archive.org/web/20021128231316/http://www.friedwire.com:80/trafficreport/login/fwlogin.jsp;20021128231316
content/ID824.eml;Entergy,and,to
content/ID241.eml;get,to,we
content/ID1160.eml;loss,must,the;http://toinfo.oasis.mapp.org/oac/oac2/lrp/lrp.html;302;2021-08-31 19:03:20.451464;toinfo.oasis.mapp.org;None;None;None;None
content/ID1188.eml;and,of,the
content/ID345.eml;Hernandez,text,htm
content/ID1280.eml;the,to,you
content/ID664.eml;ee,and,the
content/ID301.eml;and,the,to
content/ID81.eml;in,the,to;http://elm.enron.com;200;2021-08-31 19:03:24.238707;elm.enron.com;None;None;None;None
content/ID1420.eml;for,the,will;http://ecpdxapps01.enron.net/apps/auction.nsf;302;2021-08-31 19:03:25.264142;ecpdxapps01.enron.net;None;None;None;None
content/ID1204.eml;Allen,Monday,PM
content/ID1020.eml;to,you,your;http://etcsurvey.corp.enron.com/wi/p0639782/i.asp?r=38286&s=JLJMCIRB&l=9;404;2021-08-31 19:03:26.491185;etcsurvey.corp.enron.com;None;None;None;None
content/ID161.eml;problem,the,to
content/ID1316.eml;PM,and,to
content/ID892.eml;metastock,for,the
content/ID520.eml;of,the,to
content/ID972.eml;We,site,the;http://eastpower.test.corp.enron.com/portal;404;2021-08-31 19:03:27.784280;eastpower.test.corp.enron.com;None;None;None;None
content/ID349.eml;Donna,June,le
content/ID548.eml;days,five,vacation
content/ID393.eml;Please,to,with
content/ID880.eml;epmi,Power,SVCE
content/ID1260.eml;Please,attached,find
content/ID656.eml;Do,Yahoo,_,_,_,_,_,_,_,_,_,_,_,_,_,_,_,_,_,_,_,_,_,_,_,_,_,_,_,_,_,_,_,_,_,_,_,_,_,_,_,_,_,_,_,_,_,_,_,_,_,_;http://im.yahoo.com;301;2021-08-31 19:03:28.787575;im.yahoo.com;200;True;http://web.archive.org/web/20081011084440/http://im.yahoo.com/;20081011084440
content/ID868.eml;the,thi,to;http://etcsurvey.corp.enron.com/wi/p0714726/i.asp?r=6377&s=VPHUONFN&l=9;404;2021-08-31 19:03:31.118640;etcsurvey.corp.enron.com;None;None;None;None
content/ID229.eml;Don,mheb,the
content/ID309.eml;filing,that,the
content/ID1400.eml;and,of,the
content/ID1080.eml;and,for,the
content/ID289.eml;CITY,KANSAS,terminal
content/ID764.eml;Attached,Hi,the
content/ID580.eml;enron,in,the;http://cr.enron.com/eia.html;404;2021-08-31 19:03:32.840128;cr.enron.com;None;None;None;None
content/ID365.eml;and,to,wer
content/ID461.eml;enron,and,the
content/ID1152.eml;and,the,to
content/ID960.eml;HE,mw,Oasis
content/ID377.eml;Attached,find,please
content/ID852.eml;Attached,spp,the
content/ID980.eml;PJM,include,the
content/ID165.eml;epmi,Power,SVCE
content/ID129.eml;of,the,virus
content/ID532.eml;CRC,the,to
content/ID409.eml;hernandez,houston,JUAN;http://personals.yahoo.com;301;2021-08-31 19:03:34.209473;personals.yahoo.com;200;True;http://web.archive.org/web/20100521015048/http://personals.yahoo.com:80/;20100521015048
content/ID968.eml;Entergy,agreement,and
content/ID57.eml;the,to,your
content/ID1076.eml;PM,the,to
content/ID133.eml;and,the,work
content/ID53.eml;Johnny,the,to
content/ID1096.eml;in,the,to
content/ID584.eml;days,leave,vacation
content/ID225.eml;and,the,to;http://www.faa.gov.;301;2021-08-31 19:03:36.157075;www.faa.gov;200;True;http://web.archive.org/web/20210829160806/https://www.faa.gov/;20210829160806
content/ID660.eml;transmission,rate,table
content/ID1104.eml;and,the,to
content/ID77.eml;Firm,tva,com
