nom_fichier;top_trois_mots;url(s);resultat_test_URL;date_test_URL;responsable_URL;internet_archive_status;internet_archive_dispo;internet_archive_url;internet_archive_timestamp
content/ID37.eml;be,the,will
content/ID149.eml;Password,the,to;http://remoteservices.netco.enron.com/ica/ubswenergy.ica;404;2021-08-31 19:07:43.724317;remoteservices.netco.enron.com;None;None;None;None
content/ID65.eml;and,for,the
content/ID145.eml;and,of,the
content/ID61.eml;user,id,user
content/ID109.eml;and,will,you
content/ID85.eml;pira,The,to;http://www.pira.com;301;2021-08-31 19:07:46.483217;www.pira.com;200;True;http://web.archive.org/web/20201225174941/https://pira.com/;20201225174941
content/ID125.eml;and,of,to;http://spiritual.crosswalk.com,http://www.marketplaceleaders.org.,http://devotionals.crosswalk.com,http://religiontoday.crosswalk.com/CurrentFeatureStory,http://religiontoday.crosswalk.com/CurrentNewsSummary,http://www.crosswalk.com/info/copyright,http://www.marketplaceleaders.org,http://www.marketplaceleaders.org/displayroom/skudetail.nhtml?uid=10055,http://www.crosswalk.com/lists;301,301,301,301,301,301,301,301,301;2021-08-31 19:07:47.787565,2021-08-31 19:07:47.940453,2021-08-31 19:07:48.151246,2021-08-31 19:07:48.360875,2021-08-31 19:07:48.561657,2021-08-31 19:07:48.846891,2021-08-31 19:07:48.937972,2021-08-31 19:07:49.050856,2021-08-31 19:07:49.972326;spiritual.crosswalk.com,www.marketplaceleaders.org,devotionals.crosswalk.com,religiontoday.crosswalk.com,religiontoday.crosswalk.com,www.crosswalk.com,www.marketplaceleaders.org,www.marketplaceleaders.org,www.crosswalk.com;200,200,200,200,200,200,200,200,200;True,True,True,True,True,True,True,True,True;http://web.archive.org/web/20081201204348/http://spiritual.crosswalk.com/,http://web.archive.org/web/20210812174455/https://www.marketplaceleaders.org/,http://web.archive.org/web/20020605083432/http://devotionals.crosswalk.com:80/,http://web.archive.org/web/20010124062900/http://religiontoday.crosswalk.com:80/CurrentFeatureStory/,http://web.archive.org/web/20001109064700/http://religiontoday.crosswalk.com:80/CurrentNewsSummary/,http://web.archive.org/web/20081007213802/http://www.crosswalk.com/info/copyright,http://web.archive.org/web/20210812174455/https://www.marketplaceleaders.org/,http://web.archive.org/web/20040411010306/http://www.marketplaceleaders.org:80/displayroom/skudetail.nhtml?uid=10055,http://web.archive.org/web/20010801174143/http://www.crosswalk.com:80/lists;20081201204348,20210812174455,20020605083432,20010124062900,20001109064700,20081007213802,20210812174455,20040411010306,20010801174143
content/ID49.eml;in,the,to;http://infostore.consultrci.com/spacerdot.gif?IssueAlert=11/27/2001;200;2021-08-31 19:07:58.571803;infostore.consultrci.com;None;None;None;None
content/ID69.eml;image,Price,eangler
content/ID137.eml;enron,the,ve;http://home.enron.com/updates/mergerQA.html;404;2021-08-31 19:07:59.800615;home.enron.com;None;None;None;None
content/ID121.eml;xls
content/ID157.eml;AOL,What,your
content/ID73.eml;IntercontinentalExchange,the,to
content/ID101.eml;and,of,the;http://spiritual.crosswalk.com,http://shopping.crosswalk.com/bye/devo_na,http://devotionals.crosswalk.com,http://religiontoday.crosswalk.com/CurrentFeatureStory,http://religiontoday.crosswalk.com/CurrentNewsSummary,http://www.crosswalk.com/info/copyright,http://www.crosswalk.com/lists;301,301,301,301,301,301,301;2021-08-31 19:08:01.148937,2021-08-31 19:08:02.655810,2021-08-31 19:08:02.852547,2021-08-31 19:08:03.057074,2021-08-31 19:08:03.254891,2021-08-31 19:08:03.591468,2021-08-31 19:08:03.899202;spiritual.crosswalk.com,shopping.crosswalk.com,devotionals.crosswalk.com,religiontoday.crosswalk.com,religiontoday.crosswalk.com,www.crosswalk.com,www.crosswalk.com;200,200,200,200,200,200,200;True,True,True,True,True,True,True;http://web.archive.org/web/20081201204348/http://spiritual.crosswalk.com/,http://web.archive.org/web/20020809211317/http://shopping.crosswalk.com:80/bye/devo_na,http://web.archive.org/web/20020605083432/http://devotionals.crosswalk.com:80/,http://web.archive.org/web/20010124062900/http://religiontoday.crosswalk.com:80/CurrentFeatureStory/,http://web.archive.org/web/20001109064700/http://religiontoday.crosswalk.com:80/CurrentNewsSummary/,http://web.archive.org/web/20081007213802/http://www.crosswalk.com/info/copyright,http://web.archive.org/web/20010801174143/http://www.crosswalk.com:80/lists;20081201204348,20020809211317,20020605083432,20010124062900,20001109064700,20081007213802,20010801174143
content/ID41.eml;and,to,you
content/ID29.eml;and,the,to
content/ID97.eml;ARE,IF,YOU
content/ID17.eml;FYI,here,the
content/ID25.eml;xls
content/ID13.eml;be,in,will
content/ID117.eml;Power,To,the
content/ID141.eml;xls
content/ID21.eml;True,the,you;http://www.truequote.com;301;2021-08-31 19:08:08.302936;www.truequote.com;200;True;http://web.archive.org/web/20210126082411/https://www.truequote.com/;20210126082411
content/ID33.eml;closing,expense,the
content/ID93.eml;and,the,to
content/ID89.eml;00,nexi,to;http://esource.enron.com/training.htm;404;2021-08-31 19:08:09.938681;esource.enron.com;None;None;None;None
content/ID105.eml;and,to,your
content/ID113.eml;Go,thi,to;http://www.pagosa.com;406;2021-08-31 19:08:11.371402;www.pagosa.com;200;True;http://web.archive.org/web/20210610194445/http://pagosa.com/;20210610194445
content/ID45.eml;miso,the,to
content/ID153.eml;are,the,you
content/ID81.eml;Fundamentals,the,website;http://fundamentals.netco.enron.com/main.asp;404;2021-08-31 19:08:12.805660;fundamentals.netco.enron.com;None;None;None;None
content/ID129.eml;for,to,you;http://unsub.freerealtime.com/u.html?m=370&l=special&e=jeff.king@enron.com,http://quotes.freerealtime.com/dl/frt/A?SA=Privacy%20Statement&file=main/privacy.html.;302,302;2021-08-31 19:08:13.934090,2021-08-31 19:08:14.344159;unsub.freerealtime.com,quotes.freerealtime.com;None,200;None,True;None,http://web.archive.org/web/20070914153746/http://quotes.freerealtime.com:80/dl/frt/A?SA=Privacy%20Statement;None,20070914153746
content/ID57.eml;contact,We,are
content/ID133.eml;the,to,will
content/ID53.eml;for,the,to
content/ID77.eml;East,Ryan,Williams
