ID;SentDate;ReceivedDate;FromName;FromAddress;ToList;Subject;MessageID;AttachmentList;ReplyTo;Folder;Size;Attached
"1";"07/02/2002 01:09";"";"liz taylor";"liz.taylor@enron.com";"chris.lackey@enron.com, michael.mcdonald@enron.com, laura.wente@enron.com, tim.belden@enron.com, jeff.richter@enron.com, bryant.frihart@enron.com, deirdre.mccaffrey@enron.com, h..lewis@enron.com, vladi.pimenov@enron.com, s..shively@enron.com, geoff.storey@enron.com, .williams@enron.com, r..brackett@enron.com, s..bradford@enron.com, kortney.brown@enron.com, wendy.conwell@enron.com, stephanie.mcginnis@enron.com, roderick.nelson@enron.com, monica.reasoner@enron.com, edward.sacks@enron.com, max.sonnonstine@enron.com, john.suttle@enron.com, .williams@enron.com, caroline.abramo@enron.com, craig.breslau@enron.com, n..gilbert@enron.com, fred.lagrasta@enron.com, h..otto@enron.com, sheetal.patel@enron.com, jennifer.shipos@enron.com, jared.kaiser@enron.com, craig.taylor@enron.com, frank.vickers@enron.com, chuck.ames@enron.com, f..brawner@enron.com, jonathan.mckay@enron.com, scott.neal@enron.com, andrea.ring@enron.com, judy.townsend@enron.com, robert.stalford@enron.com, steve.wang@enron.com, m..presto@enron.com, gerry.hrap@enron.com, grant.oh@enron.com, fabian.taylor@enron.com, garrett.tripp@enron.com, edith.cross@enron.com, mike.curry@enron.com, leonardo.pacheco@enron.com, doug.gilbert-smith@enron.com, jeff.king@enron.com, paul.schiavone@enron.com, dipak.agarwalla@enron.com, adam.bayer@enron.com, bart.burk@enron.com, jd.buss@enron.com, mog.heu@enron.com, kevin.cline@enron.com, chris.gaskill@enron.com, gustavo.giron@enron.com, tim.heizenrader@enron.com, rika.imai@enron.com, robert.johnston@enron.com, jozef.lieskovsky@enron.com, martin.lin@enron.com, souad.mahmassani@enron.com, mauricio.marquez@enron.com, kourtney.nelson@enron.com, justin.o'malley@enron.com, biliana.pehlivanova@enron.com, willis.philip@enron.com, gulay.soykok@enron.com, chris.stokley@enron.com, ellen.su@enron.com, steve.swain@enron.com, patrick.tucker@enron.com, maria.van@enron.com, kristin.walsh@enron.com, lloyd.will@enron.com, ryan.williams@enron.com, jason.wolfe@enron.com, virawan.yawapongsiri@enron.com, brian.redmond@enron.com, david.cash@enron.com, e..haedicke@enron.com, .hall@enron.com, t..hodge@enron.com, marcus.nettelton@enron.com, elizabeth.sager@enron.com, .taylor@enron.com, christian.yoder@enron.com, dale.furrow@enron.com, larry.valderrama@enron.com, russell.ballato@enron.com, jason.kaniss@enron.com, j..sturm@enron.com, f..calger@enron.com, john.llodra@enron.com, jim.meyn@enron.com, george.wood@enron.com, robert.benson@enron.com, dana.davis@enron.com, bryce.schneider@enron.com, d..thomas@enron.com, jeff.shields@enron.com, andrea.woodland@enron.com, sean.crandall@enron.com, diana.scholtes@enron.com, mike.swerzbin@enron.com, john.griffith@enron.com, john.lavorato@enron.com, mike.maggi@enron.com, larry.may@enron.com, andy.zipper@enron.com, john.anderson@enron.com, don.baughman@enron.com, craig.dean@enron.com, joe.errigo@enron.com, john.kinser@enron.com, carrie.larkworthy@enron.com, peter.makkai@enron.com, albert.meyers@enron.com, michael.mier@enron.com, jeffrey.miller@enron.com, seung-taek.oh@enron.com, juan.padron@enron.com, holden.salisbury@enron.com, michael.seely@enron.com, ryan.slinger@enron.com, geir.solberg@enron.com, brian.terp@enron.com, bill.abler@enron.com, w..donovan@enron.com, reagan.rorschach@enron.com, mike.carson@enron.com, eric.saibi@enron.com, michael.etringer@enron.com, jake.thomas@enron.com, stephen.thome@enron.com, jim.brysch@enron.com, gary.bryan@enron.com, morris.larubbio@enron.com, eric.bass@enron.com, a..martin@enron.com, charles.weldon@enron.com, david.ryan@enron.com, stephanie.miller@enron.com, l..mims@enron.com, barry.tycholiz@enron.com, .ward@enron.com, k..allen@enron.com, don.black@enron.com, frank.ermis@enron.com, mike.grigsby@enron.com, keith.holst@enron.com, matthew.lenhart@enron.com, jay.reitmeyer@enron.com, mathew.smith@enron.com, p..south@enron.com, m..tholt@enron.com, h..foster@enron.com, jason.biever@enron.com, derek.davies@enron.com, dean.drozdiak@enron.com, nicole.laporte@enron.com, eric.le@enron.com, mike.macphee@enron.com, rob.milnthorp@enron.com, howard.sangwine@enron.com, chad.clark@enron.com, mike.cowan@enron.com, chris.dorland@enron.com, lon.draper@enron.com, chris.lambie@enron.com, cooper.richey@enron.com, ryan.watt@enron.com, john.zufferli@enron.com, mary.cook@enron.com, angela.davis@enron.com, genia.fitzgerald@enron.com, leslie.hansen@enron.com, marie.heard@enron.com, tana.jones@enron.com, c..koehler@enron.com, pinto.leite@enron.com, david.portz@enron.com, carol.st.@enron.com";"Trader Presentations - 2/7 @ 2:30 p.m. (CST) in Conf RM 06980";"<26043470.1075840801828.JavaMail.evans@thyme>";"";"";"";"17062";
"2";"15/11/2001 15:12";"";"notification isc";"notification.isc@enron.com";"users.dl-enron@enron.com";"Electronic Pay Check";"<30896250.1075861517677.JavaMail.evans@thyme>";"";"";"";"885";
"3";"27/11/2001 10:05";"";"neilanderson";"neilanderson@lists.crosswalk.com";"jeff.king@enron.com";"Neil Anderson Devotional for Tuesday, November 27, 2001";"<385287.1075861517844.JavaMail.evans@thyme>";"";"";"";"4195";
"4";"26/11/2001 00:15";"";"resources human";"resources.human@enron.com";"dl-ga-all_enron_worldwide1@enron.com";"Update to Merger Q&A";"<3266943.1075861517746.JavaMail.evans@thyme>";"";"";"";"953";
"5";"05/02/2002 22:08";"";"powerprices";"powerprices@amerexenergy.com";"bergamini.chris@enron.com, zrothman@enron.com, stenberg.steve@enron.com, b.stephanie@enron.com, stda@enron.com, o'neal.sean@enron.com, weinstein.scott@enron.com, ferrari.scott@enron.com, rpad@enron.com, risk@enron.com, prices.power@enron.com, prisco.pamela@enron.com, nmistry@enron.com, mmoore@enron.com, mike.carson@enron.com, stotler.michael@enron.com, grail.mc@enron.com, mboyle@enron.com, garrison.matt@enron.com, lmcphail@enron.com, jester.larry@enron.com, tomson.l@enron.com, lohfeld.kristin@enron.com, heinecke.justin@enron.com, gordon.joseph@enron.com, maldonado.jose@enron.com, vaccaro.john@enron.com, john.suarez@enron.com, krothe.joe@enron.com, jkech@enron.com, jeff.king@enron.com, myers.je@enron.com, jbrown@enron.com, farrar.james@enron.com, tingleaf.drew@enron.com, kelly.dr@enron.com, forester.dh@enron.com, pallandt.cyrano@enron.com, corny@enron.com, zammit.christophe@enron.com, wallat.christine@enron.com, cc@enron.com, king.byron@enron.com, tamplen.brian@enron.com, schwertner.brandon@enron.com, belavielle@enron.com, yamamura.alan@enron.com, parrish.tony@enron.com, rew.brian@enron.com, tevebaugh.holly@enron.com, mundell.tara@enron.com, helms.joe@enron.com, woodard.bill@enron.com, adams.ralph@enron.com, quotes@enron.com";"Amerex Power Closing marks for 2-5-2002";"<11161915.1075840802124.JavaMail.evans@thyme>";"";"";"";"4164";
"6";"07/11/2001 05:50";"";"mike curry";"mike.curry@enron.com";"terrell.benke@enron.com";"RE: ERCOT Industry Forum Re:Capacity Options Hosted by Reliant and CapTrades.";"<19607033.1075861517655.JavaMail.evans@thyme>";"";"";"";"4234";
"7";"06/02/2002 16:57";"";"stephanie sever";"stephanie.sever@enron.com";"jeff.king@enron.com";"Access to UBSWenergy Production Environment";"<11301035.1075840802047.JavaMail.evans@thyme>";"";"";"";"1626";
"8";"27/09/2001 14:16";"";"doug gilbert-smith";"doug.gilbert-smith@enron.com";"m..forney@enron.com";"FW: ERCOT Zone delivery point text modification";"<6444018.1075852620987.JavaMail.evans@thyme>";"";"";"";"1520";
"9";"27/11/2001 21:49";"";"larry jester";"larry.jester@enron.com";"jeff.king@enron.com";"AOL IM Name";"<5747204.1075861518579.JavaMail.evans@thyme>";"";"";"";"642";
"10";"26/11/2001 17:12";"";"andy rodriquez";"andy.rodriquez@enron.com";"bill.abler@enron.com, don.baughman@enron.com, lex.carroll@enron.com, terri.clynes@enron.com, dustin.collins@enron.com, oscar.dalton@enron.com, chris.dorland@enron.com, david.forster@enron.com, juan.hernandez@enron.com, e..kelly@enron.com, jeff.king@enron.com, john.kinser@enron.com, susan.lindberg@enron.com, matt.lorenz@enron.com, jeff.merola@enron.com, narsimha.misra@enron.com, l..nicolay@enron.com, juan.padron@enron.com, m..presto@enron.com, beau.ratliff@enron.com, michael.roan@enron.com, bill.rust@enron.com, doug.sewell@enron.com, guy.sharfman@enron.com, j..sturm@enron.com, greg.trefz@enron.com, larry.valderrama@enron.com, maria.valdes@enron.com, lloyd.will@enron.com";"MISO Information";"<25130507.1075861517794.JavaMail.evans@thyme>";"";"";"";"3074";
"11";"18/12/2001 17:02";"";"stanner";"stanner@apbenergy.com";"jeff.king@enron.com";"FW: True Quote Information";"<33114218.1075840802230.JavaMail.evans@thyme>";"";"";"";"1930";
"12";"01/02/2002 18:31";"";"powerprices";"powerprices@amerexenergy.com";"jeff.king@enron.com";"Closing Marks for Nov 30, Dec 3, Dec 31";"<23618347.1075840802171.JavaMail.evans@thyme>";"";"";"";"600";
"13";"06/02/2002 18:18";"";"julie clyatt";"julie.clyatt@enron.com";"bill.abler@enron.com, sunil.abraham@enron.com, dipak.agarwalla@enron.com, robert.allwein@enron.com, cella.amerson@enron.com, bridgette.anderson@enron.com, clinton.anderson@enron.com, diane.anderson@enron.com, evelyn.aucoin@enron.com, a..aune@enron.com, derek.bailey@enron.com, adam.bayer@enron.com, lorraine.becker@enron.com, angeles.beltri@enron.com, robert.benson@enron.com, erica.bess@enron.com, kevin.bosse@enron.com, bob.bowen@enron.com, s..bradford@enron.com, kevin.brady@enron.com, sarah.brown@enron.com, bart.burk@enron.com, toni.bustamante@enron.com, anthony.campos@enron.com, a..campos@enron.com, mike.carson@enron.com, .carter@enron.com, sharen.cason@enron.com, amy.cavazos@enron.com, bonnie.chang@enron.com, claudia.clark@enron.com, kevin.cline@enron.com, wes.colwell@enron.com, wendy.conwell@enron.com, edith.cross@enron.com, mike.curry@enron.com, dana.davis@enron.com, sherry.dawson@enron.com, misti.day@enron.com, jennifer.denny@enron.com, l..denton@enron.com, daniel.diamond@enron.com, w..donovan@enron.com, anne.eastwood@enron.com, susan.elledge@enron.com, kelly.ellis@enron.com, tom.engel@enron.com, darren.espey@enron.com, israel.estrada@enron.com, e..estrada@enron.com, jason.fischer@enron.com, david.forster@enron.com, dale.furrow@enron.com, clarissa.garcia@enron.com, paul.garcia@enron.com, chris.gaskill@enron.com, fraisy.george@enron.com, mercy.gil@enron.com, doug.gilbert-smith@enron.com, gustavo.giron@enron.com, scott.goodell@enron.com, griff.gray@enron.com, tracy.greene@enron.com, shannon.groenewold@enron.com, karen.gruesen@enron.com, ricardo.guerra@enron.com, stacy.hardy@enron.com, trey.hardy@enron.com, d..hare@enron.com, kim.harris@enron.com, paula.harris@enron.com, reginald.hart@enron.com, gordon.heaney@enron.com, lorie.hernandez@enron.com, mog.heu@enron.com, georganne.hodges@enron.com, meredith.homco@enron.com, joe.hunter@enron.com, rika.imai@enron.com, kimberly.indelicato@enron.com, tracey.irvin@enron.com, rahil.jafry@enron.com, giselle.james@enron.com, adam.johnson@enron.com, robert.johnston@enron.com, lynna.kacal@enron.com, jason.kaniss@enron.com, c..kenne@enron.com, faith.killen@enron.com, jeff.king@enron.com, lisa.kinsey@enron.com, victor.lamadrid@enron.com, lisa.lees@enron.com, edie.leschber@enron.com, jozef.lieskovsky@enron.com, martin.lin@enron.com, barbara.lo@enron.com, connie.lo@enron.com, k..longoria@enron.com, melba.lozano@enron.com, souad.mahmassani@enron.com, teresa.mandola@enron.com, mauricio.marquez@enron.com, stephanie.mcginnis@enron.com, shannon.mcpearson@enron.com, jennifer.mcquade@enron.com, kevin.meredith@enron.com, evelyn.metoyer@enron.com, jim.meyn@enron.com, m..moore@enron.com, kay.moore@enron.com, matt.motsinger@enron.com, melissa.murphy@enron.com, roderick.nelson@enron.com, dale.neuner@enron.com, brenna.neves@enron.com, justin.o'malley@enron.com, chris.ordway@enron.com, leonardo.pacheco@enron.com, biliana.pehlivanova@enron.com, cora.pendergrass@enron.com, willis.philip@enron.com, vladi.pimenov@enron.com, stephanie.piwetz@enron.com, denver.plachy@enron.com, m..presto@enron.com, chris.price@enron.com, monica.reasoner@enron.com, lindsay.renaud@enron.com, reagan.rorschach@enron.com, jennifer.rosado@enron.com, edward.sacks@enron.com, eric.saibi@enron.com, paul.schiavone@enron.com, l..schrab@enron.com, amanda.schultz@enron.com, stephanie.sever@enron.com, kal.shah@enron.com, r..shepperd@enron.com, cris.sherman@enron.com, bob.shults@enron.com, keith.simper@enron.com, max.sonnonstine@enron.com, mechelle.stevens@enron.com, j..sturm@enron.com, robert.superty@enron.com, john.suttle@enron.com, tara.sweitzer@enron.com, nera.swisher@enron.com, s..theriot@enron.com, d..thomas@enron.com, shirley.tijerina@enron.com, patrick.tucker@enron.com, larry.valderrama@enron.com, david.vandor@enron.com, hope.vargas@enron.com, chris.walker@enron.com, ellen.wallumrod@enron.com, steve.wang@enron.com, todd.warwick@enron.com, mary.weatherstone@enron.com, lloyd.will@enron.com, .williams@enron.com, ryan.williams@enron.com, jason.wolfe@enron.com, stephen.wolfe@enron.com, virawan.yawapongsiri@enron.com";"YOU HAVE 48 HOURS - Message from Louise Kitchen";"<10949235.1075840802022.JavaMail.evans@thyme>";"";"";"";"16099";
"14";"05/02/2002 18:06";"";"georgeanne hodges";"georgeanne.hodges@enron.com";"energy.dl-ga-all_ubsw@enron.com";"Expense Reports";"<29045843.1075840802148.JavaMail.evans@thyme>";"";"";"";"1591";
"15";"06/02/2002 01:41";"";"bob shults";"bob.shults@enron.com";"traders.dl-netco@enron.com, traders.dl-netco@enron.com";"Online Trading Simulation Feb 7th";"<18423081.1075840802072.JavaMail.evans@thyme>";"";"";"";"3407";
"16";"21/11/2001 16:06";"";"t king3";"t.king3@prodigy.net";"jeff.king@enron.com";"neighbors";"<18448245.1075861517700.JavaMail.evans@thyme>";"";"";"";"1647";
"17";"26/11/2001 18:50";"";"andy rodriquez";"andy.rodriquez@enron.com";"susan.lindberg@enron.com, bill.abler@enron.com, don.baughman@enron.com, lex.carroll@enron.com, terri.clynes@enron.com, dustin.collins@enron.com, oscar.dalton@enron.com, chris.dorland@enron.com, david.forster@enron.com, juan.hernandez@enron.com, e..kelly@enron.com, jeff.king@enron.com, john.kinser@enron.com, matt.lorenz@enron.com, jeff.merola@enron.com, narsimha.misra@enron.com, l..nicolay@enron.com, juan.padron@enron.com, m..presto@enron.com, beau.ratliff@enron.com, michael.roan@enron.com, bill.rust@enron.com, doug.sewell@enron.com, guy.sharfman@enron.com, j..sturm@enron.com, greg.trefz@enron.com, larry.valderrama@enron.com, maria.valdes@enron.com, lloyd.will@enron.com";"MISO Registration";"<18798650.1075861517820.JavaMail.evans@thyme>";"";"";"";"4854";
"18";"27/11/2001 19:52";"";"john suarez";"john.suarez@enron.com";"m..presto@enron.com, dana.davis@enron.com, j..sturm@enron.com, robert.benson@enron.com, j..broderick@enron.com, gautam.gupta@enron.com, mike.carson@enron.com, jeff.king@enron.com, douglas.smith@enron.com, russell.ballato@enron.com";"FW:      FERC Enacts Major Constraints on Wholesale Market";"<12297671.1075861518349.JavaMail.evans@thyme>";"";"";"";"16946";
"19";"29/10/2001 16:35";"";"mike curry";"mike.curry@enron.com";"leonardo.pacheco@enron.com, terrell.benke@enron.com, larry.jester@enron.com, matthew.duffy@enron.com";"EOL Midmarketing Function";"<19598966.1075852620893.JavaMail.evans@thyme>";"";"";"";"1828";
"20";"17/10/2001 16:59";"";"ramanarao tamma";"ramanarao.tamma@enron.com";"ryan.williams@enron.com, seung-taek.oh@enron.com, jeff.king@enron.com, paul.schiavone@enron.com, doug.gilbert-smith@enron.com";"Mos portal logins";"<10513719.1075852620964.JavaMail.evans@thyme>";"";"";"";"1186";
"21";"31/10/2001 04:13";"";"no address";"no.address@enron.com";"";"BEAR (BE A Resource for CPS Kids) Holiday Fundraiser";"<14873078.1075861517591.JavaMail.evans@thyme>";"";"";"";"1527";
"22";"06/02/2002 23:50";"";"tackleshop1";"tackleshop1@eangler.com";"jeff.king@enron.com";"FEBRUARY SPECIALS - Free Daiwa!";"<30504089.1075840801892.JavaMail.evans@thyme>";"";"";"";"2481";
"23";"27/11/2001 18:55";"";"feedback";"feedback@intcx.com";"powerindex@list.intcx.com";"Power Indices";"<16768963.1075861517904.JavaMail.evans@thyme>";"";"";"";"36954";
"24";"29/10/2001 13:11";"";"ryan williams";"ryan.williams@enron.com";"doug.gilbert-smith@enron.com, jeff.king@enron.com";"Daily Forward Price Curves";"<29521405.1075852620916.JavaMail.evans@thyme>";"";"";"";"709";
"25";"28/01/2002 22:27";"";"amanda rybarski";"amanda.rybarski@enron.com";"edith.cross@enron.com, mike.curry@enron.com, leonardo.pacheco@enron.com, dale.furrow@enron.com, larry.valderrama@enron.com, jim.meyn@enron.com, f..calger@enron.com, bill.abler@enron.com, w..donovan@enron.com, reagan.rorschach@enron.com, steve.wang@enron.com, doug.gilbert-smith@enron.com, jeff.king@enron.com, eric.saibi@enron.com, paul.schiavone@enron.com, jason.kaniss@enron.com, j..sturm@enron.com, robert.benson@enron.com, dana.davis@enron.com, d..thomas@enron.com, mike.carson@enron.com, m..presto@enron.com, virawan.yawapongsiri@enron.com, dipak.agarwalla@enron.com, adam.bayer@enron.com, bart.burk@enron.com, kevin.cline@enron.com, willis.philip@enron.com, chris.gaskill@enron.com, gustavo.giron@enron.com, rika.imai@enron.com, robert.johnston@enron.com, jozef.lieskovsky@enron.com, martin.lin@enron.com, mauricio.marquez@enron.com, justin.o'malley@enron.com, biliana.pehlivanova@enron.com, vladi.pimenov@enron.com, denver.plachy@enron.com, patrick.tucker@enron.com, lloyd.will@enron.com, souad.mahmassani@enron.com, jason.wolfe@enron.com, mog.heu@enron.com, ryan.williams@enron.com, bryant.frihart@enron.com, l..mims@enron.com, craig.breslau@enron.com, n..gilbert@enron.com, h..otto@enron.com, craig.taylor@enron.com, jared.kaiser@enron.com, frank.vickers@enron.com, jennifer.shipos@enron.com, stephanie.miller@enron.com, barry.tycholiz@enron.com, kim.ward@enron.com, geoff.storey@enron.com, .williams@enron.com, s..shively@enron.com, judy.townsend@enron.com, andrea.ring@enron.com, f..brawner@enron.com, scott.neal@enron.com, jonathan.mckay@enron.com, larry.may@enron.com, mike.maggi@enron.com, dutch.quigley@enron.com, john.lavorato@enron.com, eric.bass@enron.com, a..martin@enron.com, charles.weldon@enron.com, matthew.lenhart@enron.com, p..south@enron.com, jay.reitmeyer@enron.com, m..tholt@enron.com, frank.ermis@enron.com, mike.grigsby@enron.com, keith.holst@enron.com, k..allen@enron.com, mathew.smith@enron.com";"Commodity Fundamentals Website";"<4629754.1075840802203.JavaMail.evans@thyme>";"";"";"";"7607";
"26";"21/11/2001 21:38";"";"distribution";"distribution@pira.com";"sande@pira.com";"PIRA's Current News & Analysis";"<16714522.1075861517723.JavaMail.evans@thyme>";"";"";"";"911";
"27";"30/10/2001 04:06";"";"no address";"no.address@enron.com";"";"Lexis-Nexis Training: Houston & Worldwide / Dow Jones Training";"<3103258.1075852620822.JavaMail.evans@thyme>";"";"";"";"3337";
"28";"07/02/2002 00:12";"";"david oxley";"david.oxley@enron.com";"bill.abler@enron.com, sunil.abraham@enron.com, dipak.agarwalla@enron.com, robert.allwein@enron.com, cella.amerson@enron.com, bridgette.anderson@enron.com, clinton.anderson@enron.com, diane.anderson@enron.com, evelyn.aucoin@enron.com, a..aune@enron.com, derek.bailey@enron.com, adam.bayer@enron.com, lorraine.becker@enron.com, angeles.beltri@enron.com, robert.benson@enron.com, erica.bess@enron.com, kevin.bosse@enron.com, bob.bowen@enron.com, s..bradford@enron.com, kevin.brady@enron.com, sarah.brown@enron.com, bart.burk@enron.com, toni.bustamante@enron.com, anthony.campos@enron.com, a..campos@enron.com, mike.carson@enron.com, .carter@enron.com, sharen.cason@enron.com, amy.cavazos@enron.com, bonnie.chang@enron.com, claudia.clark@enron.com, kevin.cline@enron.com, wes.colwell@enron.com, wendy.conwell@enron.com, edith.cross@enron.com, mike.curry@enron.com, dana.davis@enron.com, sherry.dawson@enron.com, misti.day@enron.com, jennifer.denny@enron.com, l..denton@enron.com, daniel.diamond@enron.com, w..donovan@enron.com, anne.eastwood@enron.com, susan.elledge@enron.com, kelly.ellis@enron.com, tom.engel@enron.com, darren.espey@enron.com, israel.estrada@enron.com, e..estrada@enron.com, jason.fischer@enron.com, david.forster@enron.com, dale.furrow@enron.com, clarissa.garcia@enron.com, paul.garcia@enron.com, chris.gaskill@enron.com, fraisy.george@enron.com, mercy.gil@enron.com, doug.gilbert-smith@enron.com, gustavo.giron@enron.com, scott.goodell@enron.com, griff.gray@enron.com, tracy.greene@enron.com, shannon.groenewold@enron.com, karen.gruesen@enron.com, ricardo.guerra@enron.com, stacy.hardy@enron.com, trey.hardy@enron.com, d..hare@enron.com, kim.harris@enron.com, paula.harris@enron.com, reginald.hart@enron.com, gordon.heaney@enron.com, lorie.hernandez@enron.com, mog.heu@enron.com, georganne.hodges@enron.com, meredith.homco@enron.com, joe.hunter@enron.com, rika.imai@enron.com, kimberly.indelicato@enron.com, tracey.irvin@enron.com, rahil.jafry@enron.com, giselle.james@enron.com, adam.johnson@enron.com, robert.johnston@enron.com, lynna.kacal@enron.com, jason.kaniss@enron.com, c..kenne@enron.com, faith.killen@enron.com, jeff.king@enron.com, lisa.kinsey@enron.com, victor.lamadrid@enron.com, lisa.lees@enron.com, edie.leschber@enron.com, jozef.lieskovsky@enron.com, martin.lin@enron.com, barbara.lo@enron.com, connie.lo@enron.com, k..longoria@enron.com, melba.lozano@enron.com, souad.mahmassani@enron.com, teresa.mandola@enron.com, mauricio.marquez@enron.com, stephanie.mcginnis@enron.com, shannon.mcpearson@enron.com, jennifer.mcquade@enron.com, kevin.meredith@enron.com, evelyn.metoyer@enron.com, jim.meyn@enron.com, m..moore@enron.com, kay.moore@enron.com, matt.motsinger@enron.com, melissa.murphy@enron.com, roderick.nelson@enron.com, dale.neuner@enron.com, brenna.neves@enron.com, justin.o'malley@enron.com, chris.ordway@enron.com, leonardo.pacheco@enron.com, biliana.pehlivanova@enron.com, cora.pendergrass@enron.com, willis.philip@enron.com, vladi.pimenov@enron.com, stephanie.piwetz@enron.com, denver.plachy@enron.com, m..presto@enron.com, chris.price@enron.com, monica.reasoner@enron.com, lindsay.renaud@enron.com, reagan.rorschach@enron.com, jennifer.rosado@enron.com, edward.sacks@enron.com, eric.saibi@enron.com, paul.schiavone@enron.com, l..schrab@enron.com, amanda.schultz@enron.com, stephanie.sever@enron.com, kal.shah@enron.com, r..shepperd@enron.com, cris.sherman@enron.com, bob.shults@enron.com, keith.simper@enron.com, max.sonnonstine@enron.com, mechelle.stevens@enron.com, j..sturm@enron.com, robert.superty@enron.com, john.suttle@enron.com, tara.sweitzer@enron.com, nera.swisher@enron.com, s..theriot@enron.com, d..thomas@enron.com, shirley.tijerina@enron.com, patrick.tucker@enron.com, larry.valderrama@enron.com, david.vandor@enron.com, hope.vargas@enron.com, chris.walker@enron.com, ellen.wallumrod@enron.com, steve.wang@enron.com, todd.warwick@enron.com, mary.weatherstone@enron.com, lloyd.will@enron.com, .williams@enron.com, ryan.williams@enron.com, jason.wolfe@enron.com, stephen.wolfe@enron.com, virawan.yawapongsiri@enron.com";"Access Card Information";"<28591061.1075840801866.JavaMail.evans@thyme>";"";"";"";"17414";
"29";"27/11/2001 21:50";"";"jae black";"jae.black@enron.com";"madhup.kumar@enron.com, /o=enron/ou=na/cn=recipients/cn=notesaddr/cn=a478079f-55e1f3b0-862566fa-612229@enron.com, bill.abler@enron.com, anubhav.aggarwal@enron.com, diana.allen@enron.com, harry.arora@enron.com, debra.bailey@enron.com, russell.ballato@enron.com, ted.ballinger@enron.com, don.baughman@enron.com, d..baughman@enron.com, moises.benchluch@enron.com, hicham.benjelloun@enron.com, robert.benson@enron.com, corry.bentley@enron.com, jae.black@enron.com, jay.blaine@enron.com, laurel.bolt@enron.com, j..broderick@enron.com, richard.broussard@enron.com, lisa.burnett@enron.com, f..campbell@enron.com, joe.capasso@enron.com, mike.carson@enron.com, alan.chen@enron.com, hai.chen@enron.com, jason.choate@enron.com, kevin.cline@enron.com, terri.clynes@enron.com, dustin.collins@enron.com, keith.comeaux@enron.com, kayne.coulter@enron.com, dana.davis@enron.com, l..day@enron.com, clint.dean@enron.com, todd.decook@enron.com, gerald.emesih@enron.com, joe.errigo@enron.com, m..forney@enron.com, william.freije@enron.com, l..garcia@enron.com, gerald.gilbert@enron.com, doug.gilbert-smith@enron.com, gustavo.giron@enron.com, andrew.greer@enron.com, jaime.gualy@enron.com, claudia.guerra@enron.com, utku.gulmeden@enron.com, gautam.gupta@enron.com, amie.ha@enron.com, patrick.hanse@enron.com, rika.imai@enron.com, david.ingram@enron.com, daniel.jenkins@enron.com, jason.kaniss@enron.com, e..kelly@enron.com, jeff.king@enron.com, john.kinser@enron.com, carrie.larkworthy@enron.com, dean.laurent@enron.com, justin.laverell@enron.com, chris.lenartowicz@enron.com, matt.lorenz@enron.com, gretchen.lotz@enron.com, thomas.lowell@enron.com, iris.mack@enron.com, ashish.mahajan@enron.com, peter.makkai@enron.com, mauricio.marquez@enron.com, david.maskell@enron.com, tom.may@enron.com, alexander.mcelreath@enron.com, jeffrey.miller@enron.com, seung-taek.oh@enron.com, steve.olinde@enron.com, andy.pace@enron.com, juan.padron@enron.com, steve.pan@enron.com, willis.philip@enron.com, laura.podurgiel@enron.com, d..poppa@enron.com, m..presto@enron.com, punit.rawal@enron.com, andy.rodriquez@enron.com, benjamin.rogers@enron.com, bill.rust@enron.com, david.ryan@enron.com, eric.saibi@enron.com, paul.schiavone@enron.com, bryce.schneider@enron.com, michael.seely@enron.com, erik.serio@enron.com, lisa.shoemake@enron.com, robert.stalford@enron.com, joe.stepenovitch@enron.com, j..sturm@enron.com, john.suarez@enron.com, mark.symms@enron.com, ramanarao.tamma@enron.com, d..thomas@enron.com, reese.trejo@enron.com, maria.valdes@enron.com, clayton.vernon@enron.com, steve.wang@enron.com, ryan.williams@enron.com, cory.willis@enron.com, mike.zipperer@enron.com, lex.carroll@enron.com, oscar.dalton@enron.com, david.forster@enron.com, beau.ratliff@enron.com, larry.valderrama@enron.com";"Breakfast/Lunch";"<25213581.1075861518556.JavaMail.evans@thyme>";"";"";"";"10161";
"30";"19/10/2001 21:47";"";"sarah zarkowsky";"sarah.zarkowsky@enron.com";"rika.imai@enron.com, corry.bentley@enron.com, w..white@enron.com, jim.meyn@enron.com, edith.cross@enron.com, c..aucoin@enron.com, jeff.king@enron.com, doug.gilbert-smith@enron.com, rogers.herndon@enron.com, j..sturm@enron.com, heather.kroll@enron.com, david.forster@enron.com";"What does it take?";"<30424614.1075852620940.JavaMail.evans@thyme>";"";"";"";"2485";
"31";"06/02/2002 23:06";"";"neil davies";"neil.davies@enron.com";"bill.abler@enron.com, sunil.abraham@enron.com, dipak.agarwalla@enron.com, robert.allwein@enron.com, cella.amerson@enron.com, bridgette.anderson@enron.com, clinton.anderson@enron.com, diane.anderson@enron.com, evelyn.aucoin@enron.com, a..aune@enron.com, derek.bailey@enron.com, adam.bayer@enron.com, lorraine.becker@enron.com, angeles.beltri@enron.com, robert.benson@enron.com, erica.bess@enron.com, kevin.bosse@enron.com, bob.bowen@enron.com, s..bradford@enron.com, kevin.brady@enron.com, sarah.brown@enron.com, bart.burk@enron.com, toni.bustamante@enron.com, anthony.campos@enron.com, a..campos@enron.com, mike.carson@enron.com, .carter@enron.com, sharen.cason@enron.com, amy.cavazos@enron.com, bonnie.chang@enron.com, claudia.clark@enron.com, kevin.cline@enron.com, wes.colwell@enron.com, wendy.conwell@enron.com, edith.cross@enron.com, mike.curry@enron.com, dana.davis@enron.com, sherry.dawson@enron.com, misti.day@enron.com, jennifer.denny@enron.com, l..denton@enron.com, daniel.diamond@enron.com, w..donovan@enron.com, anne.eastwood@enron.com, susan.elledge@enron.com, kelly.ellis@enron.com, tom.engel@enron.com, darren.espey@enron.com, israel.estrada@enron.com, e..estrada@enron.com, jason.fischer@enron.com, david.forster@enron.com, dale.furrow@enron.com, clarissa.garcia@enron.com, paul.garcia@enron.com, chris.gaskill@enron.com, fraisy.george@enron.com, mercy.gil@enron.com, doug.gilbert-smith@enron.com, gustavo.giron@enron.com, scott.goodell@enron.com, griff.gray@enron.com, tracy.greene@enron.com, shannon.groenewold@enron.com, karen.gruesen@enron.com, ricardo.guerra@enron.com, stacy.hardy@enron.com, trey.hardy@enron.com, d..hare@enron.com, kim.harris@enron.com, paula.harris@enron.com, reginald.hart@enron.com, gordon.heaney@enron.com, lorie.hernandez@enron.com, mog.heu@enron.com, georganne.hodges@enron.com, meredith.homco@enron.com, joe.hunter@enron.com, rika.imai@enron.com, kimberly.indelicato@enron.com, tracey.irvin@enron.com, rahil.jafry@enron.com, giselle.james@enron.com, adam.johnson@enron.com, robert.johnston@enron.com, lynna.kacal@enron.com, jason.kaniss@enron.com, c..kenne@enron.com, faith.killen@enron.com, jeff.king@enron.com, lisa.kinsey@enron.com, victor.lamadrid@enron.com, lisa.lees@enron.com, edie.leschber@enron.com, jozef.lieskovsky@enron.com, martin.lin@enron.com, barbara.lo@enron.com, connie.lo@enron.com, k..longoria@enron.com, melba.lozano@enron.com, souad.mahmassani@enron.com, teresa.mandola@enron.com, mauricio.marquez@enron.com, stephanie.mcginnis@enron.com, shannon.mcpearson@enron.com, jennifer.mcquade@enron.com, kevin.meredith@enron.com, evelyn.metoyer@enron.com, jim.meyn@enron.com, m..moore@enron.com, kay.moore@enron.com, matt.motsinger@enron.com, melissa.murphy@enron.com, roderick.nelson@enron.com, dale.neuner@enron.com, brenna.neves@enron.com, justin.o'malley@enron.com, chris.ordway@enron.com, leonardo.pacheco@enron.com, biliana.pehlivanova@enron.com, cora.pendergrass@enron.com, willis.philip@enron.com, vladi.pimenov@enron.com, stephanie.piwetz@enron.com, denver.plachy@enron.com, m..presto@enron.com, chris.price@enron.com, monica.reasoner@enron.com, lindsay.renaud@enron.com, reagan.rorschach@enron.com, jennifer.rosado@enron.com, edward.sacks@enron.com, eric.saibi@enron.com, paul.schiavone@enron.com, l..schrab@enron.com, amanda.schultz@enron.com, stephanie.sever@enron.com, kal.shah@enron.com, r..shepperd@enron.com, cris.sherman@enron.com, bob.shults@enron.com, keith.simper@enron.com, max.sonnonstine@enron.com, mechelle.stevens@enron.com, j..sturm@enron.com, robert.superty@enron.com, john.suttle@enron.com, tara.sweitzer@enron.com, nera.swisher@enron.com, s..theriot@enron.com, d..thomas@enron.com, shirley.tijerina@enron.com, patrick.tucker@enron.com, larry.valderrama@enron.com, david.vandor@enron.com, hope.vargas@enron.com, chris.walker@enron.com, ellen.wallumrod@enron.com, steve.wang@enron.com, todd.warwick@enron.com, mary.weatherstone@enron.com, lloyd.will@enron.com, .williams@enron.com, ryan.williams@enron.com, jason.wolfe@enron.com, stephen.wolfe@enron.com, virawan.yawapongsiri@enron.com";"REMINDER: UBSW Orientation - Thursday. For those that did not attend the Houstonian Sessions";"<4058058.1075840801951.JavaMail.evans@thyme>";"";"";"";"15134";
"32";"27/11/2001 15:16";"";"dbartley";"dbartley@o2wireless.com";".gwen@enron.com, jeff.king@enron.com, .allison@enron.com";"[SubjectVide]";"<33080273.1075861517867.JavaMail.evans@thyme>";"";"";"";"805";
"33";"05/11/2001 23:14";"";"jae black";"jae.black@enron.com";"/o=enron/ou=na/cn=recipients/cn=notesaddr/cn=a478079f-55e1f3b0-862566fa-612229@enron.com, william.abler@enron.com, anubhav.aggarwal@enron.com, diana.allen@enron.com, harry.arora@enron.com, debra.bailey@enron.com, russell.ballato@enron.com, ted.ballinger@enron.com, don.baughman@enron.com, moises.benchluch@enron.com, hicham.benjelloun@enron.com, robert.benson@enron.com, corry.bentley@enron.com, jae.black@enron.com, jay.blaine@enron.com, laurel.bolt@enron.com, j..broderick@enron.com, richard.broussard@enron.com, lisa.burnett@enron.com, f..campbell@enron.com, joe.capasso@enron.com, mike.carson@enron.com, alan.chen@enron.com, jason.choate@enron.com, kevin.cline@enron.com, dustin.collins@enron.com, keith.comeaux@enron.com, kayne.coulter@enron.com, dana.davis@enron.com, l..day@enron.com, clint.dean@enron.com, todd.decook@enron.com, gerald.emesih@enron.com, joe.errigo@enron.com, m..forney@enron.com, william.freije@enron.com, l..garcia@enron.com, gerald.gilbert@enron.com, doug.gilbert-smith@enron.com, gustavo.giron@enron.com, andrew.greer@enron.com, jaime.gualy@enron.com, claudia.guerra@enron.com, utku.gulmeden@enron.com, gautam.gupta@enron.com, amie.ha@enron.com, patrick.hanse@enron.com, juan.hernandez@enron.com, rika.imai@enron.com, david.ingram@enron.com, daniel.jenkins@enron.com, jason.kaniss@enron.com, jeff.king@enron.com, john.kinser@enron.com, carrie.larkworthy@enron.com, dean.laurent@enron.com, justin.laverell@enron.com, chris.lenartowicz@enron.com, matt.lorenz@enron.com, gretchen.lotz@enron.com, thomas.lowell@enron.com, iris.mack@enron.com, ashish.mahajan@enron.com, peter.makkai@enron.com, mauricio.marquez@enron.com, david.maskell@enron.com, tom.may@enron.com, alexander.mcelreath@enron.com, jeffrey.miller@enron.com, seung-taek.oh@enron.com, steve.olinde@enron.com, andy.pace@enron.com, juan.padron@enron.com, steve.pan@enron.com, willis.philip@enron.com, laura.podurgiel@enron.com, d..poppa@enron.com, m..presto@enron.com, joe.quenet@enron.com, punit.rawal@enron.com, andy.rodriquez@enron.com, benjamin.rogers@enron.com, bill.rust@enron.com, david.ryan@enron.com, eric.saibi@enron.com, paul.schiavone@enron.com, bryce.schneider@enron.com, michael.seely@enron.com, erik.serio@enron.com, lisa.shoemake@enron.com, robert.stalford@enron.com, joe.stepenovitch@enron.com, j..sturm@enron.com, john.suarez@enron.com, mark.symms@enron.com, ramanarao.tamma@enron.com, d..thomas@enron.com, reese.trejo@enron.com, maria.valdes@enron.com, clayton.vernon@enron.com, steve.wang@enron.com, ryan.williams@enron.com, cory.willis@enron.com, mike.zipperer@enron.com";"FW: Implied Volatility Curves (Please Distribute to East Power Desk)";"<24867023.1075861517630.JavaMail.evans@thyme>";"";"";"";"9731";
"34";"06/02/2002 23:07";"";"powerprices";"powerprices@amerexenergy.com";"bergamini.chris@enron.com, zrothman@enron.com, stenberg.steve@enron.com, b.stephanie@enron.com, stda@enron.com, o'neal.sean@enron.com, weinstein.scott@enron.com, ferrari.scott@enron.com, rpad@enron.com, risk@enron.com, prices.power@enron.com, prisco.pamela@enron.com, nmistry@enron.com, mmoore@enron.com, mike.carson@enron.com, stotler.michael@enron.com, grail.mc@enron.com, mboyle@enron.com, garrison.matt@enron.com, lmcphail@enron.com, jester.larry@enron.com, tomson.l@enron.com, lohfeld.kristin@enron.com, heinecke.justin@enron.com, gordon.joseph@enron.com, maldonado.jose@enron.com, vaccaro.john@enron.com, john.suarez@enron.com, krothe.joe@enron.com, jkech@enron.com, jeff.king@enron.com, myers.je@enron.com, jbrown@enron.com, farrar.james@enron.com, tingleaf.drew@enron.com, kelly.dr@enron.com, forester.dh@enron.com, pallandt.cyrano@enron.com, corny@enron.com, zammit.christophe@enron.com, wallat.christine@enron.com, cc@enron.com, king.byron@enron.com, tamplen.brian@enron.com, schwertner.brandon@enron.com, belavielle@enron.com, yamamura.alan@enron.com, parrish.tony@enron.com, rew.brian@enron.com, tevebaugh.holly@enron.com, mundell.tara@enron.com, helms.joe@enron.com, woodard.bill@enron.com, adams.ralph@enron.com, quotes@enron.com";"Amerex Power Closing marks for 2-6-2002";"<21191032.1075840801983.JavaMail.evans@thyme>";"";"";"";"4164";
"35";"26/11/2001 10:03";"";"marketplace";"marketplace@lists.crosswalk.com";"jeff.king@enron.com";"TGIF Marketplace Meditation -- Coming Out of Babylon";"<12467365.1075861517769.JavaMail.evans@thyme>";"";"";"";"4691";
"36";"30/10/2001 02:16";"";"bounce";"bounce@corp.freerealtime.com";"jeff.king@enron.com";"Administrative notice";"<12878305.1075852620869.JavaMail.evans@thyme>";"";"";"";"1394";
"37";"06/02/2002 01:40";"";"infrastructure ubsw";"infrastructure.ubsw@enron.com";"canada.dl-ubsw@enron.com, houston.dl-ubsw@enron.com, portland.dl-ubsw@enron.com";"Quick Tips for the UBSWE migration";"<29983436.1075840802096.JavaMail.evans@thyme>";"";"";"";"1608";
