nom_fichier;top_trois_mots;url(s);resultat_test_URL;date_test_URL;responsable_URL;internet_archive_status;internet_archive_dispo;internet_archive_url;internet_archive_timestamp
content/ID1661.eml;Tom,do,to
content/ID1857.eml;of,the,to
content/ID1373.eml;to,will,you
content/ID37.eml;candidat,external,internal
content/ID185.eml;allocated,for,to
content/ID1445.eml;closing,expense,the
content/ID1241.eml;June,mops,To
content/ID149.eml;enron,the,to
content/ID441.eml;Company,Energy,TXU
content/ID745.eml;the,threat,we
content/ID857.eml;phase,have,the
content/ID1153.eml;attendre,to,you
content/ID837.eml;cn,ENRON,ou
content/ID625.eml;and,for,to
content/ID1649.eml;enron,the,to
content/ID1381.eml;The,list,the
content/ID1217.eml;Please,attached,find
content/ID269.eml;com,to,your;http://www.enerfax.com;200;2021-08-31 19:32:41.480236;www.enerfax.com;200;True;http://web.archive.org/web/20210506221902/http://advertising@enerfax.com/;20210506221902
content/ID1277.eml;the,to,will
content/ID1385.eml;to,with,you;http://personals.yahoo.com;301;2021-08-31 19:32:42.603566;personals.yahoo.com;200;True;http://web.archive.org/web/20100521015048/http://personals.yahoo.com:80/;20100521015048
content/ID1685.eml;he,the,to
content/ID1393.eml;From,message,original
content/ID1213.eml;and,the,will
content/ID1257.eml;expense,following,report;http://expensexms.enron.com;200;2021-08-31 19:32:44.931102;expensexms.enron.com;None;None;None;None
content/ID1097.eml;and,the,to
content/ID65.eml;in,question,we
content/ID585.eml;of,the,to
content/ID1133.eml;for,is,the
content/ID949.eml;the,to,you
content/ID1221.eml;is,the,you
content/ID633.eml;enron,and,of
content/ID1493.eml;be,the,will
content/ID877.eml;the,to,us
content/ID553.eml;00,am,Thursday
content/ID1501.eml;Gas,Pool,the
content/ID1413.eml;of,the,to;http://www.enron.com,http://tbutton.prnewswire.com/prn/11690X60795515,http://www.forbes.com/2002/01/15/0115enron.html,http://www.wastemanagement.com/),http://www.sunbeam.com/);200,403,301,301,301;2021-08-31 19:33:13.501643,2021-08-31 19:33:13.811533,2021-08-31 19:33:13.873614,2021-08-31 19:33:14.532451,2021-08-31 19:33:14.633708;www.enron.com,tbutton.prnewswire.com,www.forbes.com,www.wastemanagement.com,www.sunbeam.com;200,None,200,None,None;True,None,True,None,None;http://web.archive.org/web/20210813062246/http://www.enron.com/,None,http://web.archive.org/web/20210414084600/https://www.forbes.com/2002/01/15/0115enron.html,None,None;20210813062246,None,20210414084600,None,None
content/ID1725.eml;The,attached,memo
content/ID717.eml;leave,the,to
content/ID1537.eml;and,the,to;http://www.enerfax.com,http://www.enerfaxgold.com,http://www.e-acumen.com,http://www.NewEnergyAssoc.com/justdownloadit,http://ww.epis.com,http://www.kwi.com,http://www.energyinstitution.org,http://www.sagewave.com/D2/autolog/common/log.asp?KEY=enerfax,http://www.fea.com,http://www.progas.net/wip,http://www.epis.com,http://www.NewEnergyAssoc.com;200,200,301,301,404,301,404,200,301,404,302,301;2021-08-31 19:33:20.034141,2021-08-31 19:33:20.190413,2021-08-31 19:33:20.276026,2021-08-31 19:33:30.810182,2021-08-31 19:33:31.422090,2021-08-31 19:33:31.833008,2021-08-31 19:33:34.289419,2021-08-31 19:33:34.634142,2021-08-31 19:33:34.724715,2021-08-31 19:33:45.114110,2021-08-31 19:33:46.746380,2021-08-31 19:33:47.194176;www.enerfax.com,www.enerfaxgold.com,www.e-acumen.com,www.NewEnergyAssoc.com,ww.epis.com,www.kwi.com,www.energyinstitution.org,www.sagewave.com,www.fea.com,www.progas.net,www.epis.com,www.NewEnergyAssoc.com;200,200,200,200,200,200,200,200,200,200,200,200;True,True,True,True,True,True,True,True,True,True,True,True;http://web.archive.org/web/20210506221902/http://advertising@enerfax.com/,http://web.archive.org/web/20210227042437/http://enerfaxgold.com/,http://web.archive.org/web/20210323212039/https://e-acumen.com/,http://web.archive.org/web/20030828150241/http://www.newenergyassoc.com:80/justdownloadit/,http://web.archive.org/web/20101213022919/http://ww.epis.com:80/,http://web.archive.org/web/20210816185322/https://www.kwi.com/,http://web.archive.org/web/20160312053715/http://energyinstitution.org/,http://web.archive.org/web/20210323165225/http://www.sagewave.com/D2/autolog/common/log.asp?KEY=enerfax,http://web.archive.org/web/20150318032648/http://www.fea.com:80/,http://web.archive.org/web/20010822021906/http://www.progas.net:80/wip/,http://web.archive.org/web/20181105224817/http://epis.com/,http://web.archive.org/web/20150531071224/http://www.newenergyassoc.com:80/;20210506221902,20210227042437,20210323212039,20030828150241,20101213022919,20210816185322,20160312053715,20210323165225,20150318032648,20010822021906,20181105224817,20150531071224
content/ID749.eml;Tom,the,you
content/ID1309.eml;the,to,you
content/ID1089.eml;pay,the,your
content/ID1077.eml;thi,Tom,that
content/ID413.eml;Brian,am,be
content/ID353.eml;of,the,to
content/ID361.eml;and,of,the
content/ID1757.eml;celebration,to,you
content/ID1681.eml;future,and,to
content/ID1061.eml;enron,the,to;http://www.thestreet.com/comment/moreland/10003164.html,http://www.thestreet.com/p/rmoney/jamesjcramer/10003162.html;301,301;2021-08-31 19:34:01.363481,2021-08-31 19:34:01.421706;www.thestreet.com,www.thestreet.com;200,None;True,None;http://web.archive.org/web/20050316184250/http://www.thestreet.com:80/comment/moreland/10003164.html,None;20050316184250,None
content/ID1517.eml;and,for,the
content/ID601.eml;of,the,to;http://www.enron.com/corp/sec,http://www.enron.com;404,200;2021-08-31 19:34:09.251554,2021-08-31 19:34:10.642511;www.enron.com,www.enron.com;200,200;True,True;http://web.archive.org/web/20190501120437/http://www.enron.com/corp/sec/,http://web.archive.org/web/20210813062246/http://www.enron.com/;20190501120437,20210813062246
content/ID1433.eml;enron,Please,and
content/ID1749.eml;enron,the,to;http://money.cnn.com/2002/01/21/companies/enron_odom,http://www.ghcf.org;301,301;2021-08-31 19:34:17.531863,2021-08-31 19:34:18.119120;money.cnn.com,www.ghcf.org;200,200;True,True;http://web.archive.org/web/20100208140546/http://money.cnn.com:80/2002/01/21/companies/enron_odom/,http://web.archive.org/web/20210812172839/https://ghcf.org/;20100208140546,20210812172839
content/ID1629.eml;nov,PM,You
content/ID1473.eml;of,the,to;http://www.thestreet.com/markets/dumbest/10002661.html;301;2021-08-31 19:34:21.183939;www.thestreet.com;200;True;http://web.archive.org/web/20050216001730/http://www.thestreet.com:80/markets/dumbest/10002661.html;20050216001730
content/ID145.eml;and,the,you
content/ID1137.eml;00,2001,at
content/ID401.eml;Gas,image,natural
content/ID573.eml;and,the,to
content/ID677.eml;Intramonth,texa,The;http://trv.dev.corp.enron.com/linkFromExcel.asp?report_cd=7&report_name;404;2021-08-31 19:34:22.929223;trv.dev.corp.enron.com;None;None;None;None
content/ID929.eml;ecn,October,at
content/ID1197.eml;eol,deal,in
content/ID1465.eml;image,and,to;http://www.rigzone.com/market/surplus_listing.asp?eq_id=397;301;2021-08-31 19:34:24.669875;www.rigzone.com;200;True;http://web.archive.org/web/20021104035918/http://www.rigzone.com:80/market/surplus_listing.asp?eq_id=397;20021104035918
content/ID1613.eml;phase,the,to
content/ID333.eml;The,meeting,pipeline
content/ID1817.eml;of,the,to;http://www.ft.com.,http://www.americanbanker.com,http://web.archive.org.;301,403,200;2021-08-31 19:34:30.554778,2021-08-31 19:34:30.684670,2021-08-31 19:34:31.122464;www.ft.com,www.americanbanker.com,web.archive.org;200,200,200;True,True,True;http://web.archive.org/web/20210831133142/https://www.ft.com/,http://web.archive.org/web/20210829140711/https://www.americanbanker.com/,http://web.archive.org/web/20210831085539/https://web.archive.org/;20210831133142,20210829140711,20210831085539
content/ID61.eml;texaco,at,for
content/ID605.eml;and,of,the
content/ID589.eml;of,the,to
content/ID1665.eml;future,for,is
content/ID109.eml;and,the,to
content/ID85.eml;of,the,to
content/ID297.eml;From,message,original
content/ID397.eml;and,the,to
content/ID1561.eml;enrononline,and,to
content/ID125.eml;Stack,for,the
content/ID453.eml;and,of,to
content/ID821.eml;the,to,we
content/ID1325.eml;the,to,you
content/ID49.eml;be,meeting,will
content/ID1417.eml;phone,the,you
content/ID253.eml;Rika,the,to
content/ID613.eml;and,question,to;http://home.enron.com/updates/qa.html;404;2021-08-31 19:34:39.827065;home.enron.com;None;None;None;None
content/ID237.eml;image,and,the;http://www.rigzone.com/data/permits/default.asp,http://www.rigzone.com/jobs/recruiter.asp;301,301;2021-08-31 19:34:41.364367,2021-08-31 19:34:41.672016;www.rigzone.com,www.rigzone.com;200,200;True,True;http://web.archive.org/web/20090201175316/http://rigzone.com:80/data/permits/default.asp,http://web.archive.org/web/20210825192104/https://www.rigzone.com/jobs/recruiter.asp;20090201175316,20210825192104
content/ID233.eml;at,that,thi
content/ID713.eml;com,enron,to
content/ID773.eml;the,to,you;http://www.mplanners.com/enron;200;2021-08-31 19:34:44.024567;www.mplanners.com;200;True;http://web.archive.org/web/20190331091013/http://www.mplanners.com/enron;20190331091013
content/ID1853.eml;dial,in,the
content/ID909.eml;TO,and,you
content/ID833.eml;Internet,addres,to
content/ID1529.eml;of,the,to
content/ID1481.eml;of,the,to;http://www.ft.com.,http://www.enron.com,http://www.dynegy.com/);301,200,301;2021-08-31 19:34:47.713727,2021-08-31 19:34:48.121600,2021-08-31 19:34:48.379086;www.ft.com,www.enron.com,www.dynegy.com;200,200,None;True,True,None;http://web.archive.org/web/20210831133142/https://www.ft.com/,http://web.archive.org/web/20210813062246/http://www.enron.com/,None;20210831133142,20210813062246,None
content/ID249.eml;that,the,to
content/ID1285.eml;Houston,at,the;http://home.enron.com/employeemeeting.;404;2021-08-31 19:34:51.398911;home.enron.com;None;None;None;None
content/ID1653.eml;Request,request,to;http://itcapps.corp.enron.com/srrs/auth/emailLink.asp?ID=000000000038420&Page=Approval;404;2021-08-31 19:34:52.433004;itcapps.corp.enron.com;None;None;None;None
content/ID765.eml;of,the,to
content/ID1389.eml;that,to,you
content/ID1865.eml;be,the,will
content/ID1713.eml;IRA,term,or
content/ID1141.eml;ect,enron,hou
content/ID557.eml;adjustment,and,the
content/ID545.eml;of,the,to
content/ID201.eml;and,the,to
content/ID801.eml;are,passe,the
content/ID761.eml;Please,attached,find
content/ID1397.eml;the,to,will
content/ID1765.eml;enron,the,to;http://tbutton.prnewswire.com/prn/11690X66953551;403;2021-08-31 19:34:57.857264;tbutton.prnewswire.com;None;None;None;None
content/ID701.eml;Physical,Tom,index
content/ID1361.eml;enron,and,the
content/ID941.eml;enron,the,to
content/ID501.eml;of,the,to
content/ID69.eml;in,our,power
content/ID1497.eml;ect,hou,the
content/ID1265.eml;it,remember,the
content/ID861.eml;Please,populate,the
content/ID1229.eml;meeting,Prebid,today
content/ID641.eml;the,to,your;http://isc.enron.com/site/doclibrary/user,http://hrweb.enron.com/,;404,404;2021-08-31 19:34:59.794913,2021-08-31 19:35:00.204316;isc.enron.com,hrweb.enron.com;None,None;None,None;None,None;None,None
content/ID209.eml;December,Gas,natural
content/ID189.eml;and,that,the
content/ID905.eml;Gas,Pool,the
content/ID481.eml;password,to,your;http://ehronline.enron.com;200;2021-08-31 19:35:02.351684;ehronline.enron.com;200;True;http://web.archive.org/web/20210410113451/http://ehronline.enron.com/;20210410113451
content/ID1005.eml;enron,the,to;http://www.ft.com.,http://www.thestreet.com/markets/detox/10002964.html,http://www.thestreet.com/p/rmoney/jamesjcramer/10002968.html,http://www.ft.com.??Copyright,http://www.bergermontague.com,http://tbutton.prnewswire.com/prn/11690X46856181???/CONTACT:;301,301,301,301,301,403;2021-08-31 19:35:07.172354,2021-08-31 19:35:07.227155,2021-08-31 19:35:07.281318,2021-08-31 19:35:07.337795,2021-08-31 19:35:07.421658,2021-08-31 19:35:07.687634;www.ft.com,www.thestreet.com,www.thestreet.com,www.ft.com,www.bergermontague.com,tbutton.prnewswire.com;200,200,None,None,200,None;True,True,None,None,True,None;http://web.archive.org/web/20210831133142/https://www.ft.com/,http://web.archive.org/web/20050307040003/http://www.thestreet.com:80/markets/detox/10002964.html,None,None,http://web.archive.org/web/20210823230451/https://bergermontague.com/,None;20210831133142,20050307040003,None,None,20210823230451,None
content/ID1293.eml;Attached,the,you
content/ID533.eml;of,the,to
content/ID1769.eml;and,you,your
content/ID1025.eml;and,the,to
content/ID921.eml;of,the,to;http://www.valor.com.br,http://www.ebay.com;301,301;2021-08-31 19:35:36.865231,2021-08-31 19:35:36.959699;www.valor.com.br,www.ebay.com;200,200;True,True;http://web.archive.org/web/20190913151910/http://www.valor.com.br:80/?,http://web.archive.org/web/20210831144816/https://www.ebay.com/;20190913151910,20210831144816
content/ID433.eml;behavior,my,with
content/ID197.eml;cost,Employee,enron
content/ID957.eml;and,the,to;http://tbutton.prnewswire.com/prn/11690X66791593,http://tbutton.prnewswire.com/prn/11690X60348122,http://www.awea.org.;403,403,301;2021-08-31 19:35:40.165936,2021-08-31 19:35:40.400955,2021-08-31 19:35:40.757545;tbutton.prnewswire.com,tbutton.prnewswire.com,www.awea.org;None,None,200;None,None,True;None,None,http://web.archive.org/web/20210131164229/https://www.awea.org/;None,None,20210131164229
content/ID1741.eml;of,the,to
content/ID1505.eml;Day,january,Monday
content/ID137.eml;and,the,to;http://careerservices.enron.com;200;2021-08-31 19:35:43.622849;careerservices.enron.com;200;True;http://web.archive.org/web/20060510082034/https://careerservices.enron.com/;20060510082034
content/ID753.eml;CST,October,the
content/ID1189.eml;of,the,to;http://www.classlawyer.com/pr/enron.pdf,http://www.classlawyer.com/sign_up.html,http://tbutton.prnewswire.com/prn/11690X34851784,http://www.texasmonthly.com/mag/issues/authors/mimiswartz.php,http://www.thestreet.com/markets/detox/10002864.html;200,200,403,403,301;2021-08-31 19:35:47.199720,2021-08-31 19:35:47.412993,2021-08-31 19:35:47.632773,2021-08-31 19:35:48.024740,2021-08-31 19:35:48.078786;www.classlawyer.com,www.classlawyer.com,tbutton.prnewswire.com,www.texasmonthly.com,www.thestreet.com;200,200,None,200,200;True,True,None,True,True;http://web.archive.org/web/20190331182800/http://www.classlawyer.com/pr/enron.pdf,http://web.archive.org/web/20210126185909/http://www.classlawyer.com/sign_up.html,None,http://web.archive.org/web/20100224100254/http://www.texasmonthly.com:80/mag/issues/authors/mimiswartz.php,http://web.archive.org/web/20130121145626/http://www.thestreet.com/markets/detox/10002864.html;20190331182800,20210126185909,None,20100224100254,20130121145626
content/ID1281.eml;IntercontinentalExchange,to,you
content/ID1797.eml;analysi,and,of;http://esource.enron.com/worldmarket.asp,http://esource.enron.com/worldmarket_CountryAnalysis.asp,http://esource.enron.com/worldmarket_regulatory.asp,http://esource.enron.com/hot_topics.asp;404,404,404,404;2021-08-31 19:35:53.051615,2021-08-31 19:35:53.453053,2021-08-31 19:35:53.862920,2021-08-31 19:35:54.272803;esource.enron.com,esource.enron.com,esource.enron.com,esource.enron.com;None,None,None,None;None,None,None,None;None,None,None,None;None,None,None,None
content/ID177.eml;Data,Market,to
content/ID121.eml;Please,down,pouvoir
content/ID1069.eml;Ina,Rangel,the
content/ID1581.eml;Below,is,revised
content/ID1845.eml;Below,Dinner,the
content/ID473.eml;enron,the,to
content/ID261.eml;he,the,to
content/ID1569.eml;of,the,to;http://www.ft.com.;301;2021-08-31 19:36:20.098836;www.ft.com;200;True;http://web.archive.org/web/20210831133142/https://www.ft.com/;20210831133142
content/ID325.eml;Energy,will,your
content/ID421.eml;of,the,to
content/ID565.eml;Gas,Pool,the
content/ID1785.eml;file,for,thi
content/ID577.eml;file,for,thi
content/ID405.eml;and,the,to
content/ID329.eml;December,the,to
content/ID1125.eml;be,the,to
content/ID449.eml;and,be,to
content/ID961.eml;for,in,the
content/ID1145.eml;of,the,to;http://www.wastemanagement.com/),http://www.sunbeam.com/),http://www.ft.com.;301,301,301;2021-08-31 19:36:41.277903,2021-08-31 19:36:41.336528,2021-08-31 19:36:41.393848;www.wastemanagement.com,www.sunbeam.com,www.ft.com;None,None,200;None,None,True;None,None,http://web.archive.org/web/20210831133142/https://www.ft.com/;None,None,20210831133142
content/ID1205.eml;the,to,will
content/ID769.eml;the,to,we
content/ID1813.eml;and,for,the
content/ID1337.eml;and,for,the
content/ID1821.eml;Allison,It,today
content/ID561.eml;be,the,to
content/ID817.eml;the,to,with
content/ID649.eml;in,pay,to;http://etcsurvey.corp.enron.com/wi/p0810709/i.asp?r=21023&s=NMQGLHNC&l=9;404;2021-08-31 19:36:44.859071;etcsurvey.corp.enron.com;None;None;None;None
content/ID285.eml;Gas,Pool,the
content/ID317.eml;Password,the,to;http://remoteservices.netco.enron.com/ica/ubswenergy.ica;404;2021-08-31 19:36:46.292958;remoteservices.netco.enron.com;None;None;None;None
content/ID729.eml;Inc,have,to
content/ID969.eml;of,the,to;http://www.Enron.com,http://usdoj.gov;200,302;2021-08-31 19:36:49.364122,2021-08-31 19:36:49.980855;www.Enron.com,usdoj.gov;200,200;True,True;http://web.archive.org/web/20210813062246/http://www.enron.com/,http://web.archive.org/web/20091026200904/http://www.usdoj.gov/;20210813062246,20091026200904
content/ID1365.eml;xm,the,will;http://isc.enron.com/site/xmsfaqs.htm;404;2021-08-31 19:36:51.859498;isc.enron.com;None;None;None;None
content/ID965.eml;the,to,zone
content/ID1861.eml;how,the,to
content/ID985.eml;Internet,the,to
content/ID157.eml;is,the,to
content/ID321.eml;of,the,to
content/ID73.eml;of,the,to;http://tbutton.prnewswire.com/prn/11690X24687138,http://www.smartmoney.com,http://www.ft.com.,http://www.business-standard.com,http://tbutton.prnewswire.com/prn/11690X74664439;403,301,301,301,403;2021-08-31 19:37:08.411233,2021-08-31 19:37:08.640668,2021-08-31 19:37:09.753953,2021-08-31 19:37:09.838700,2021-08-31 19:37:10.196228;tbutton.prnewswire.com,www.smartmoney.com,www.ft.com,www.business-standard.com,tbutton.prnewswire.com;None,200,200,200,None;None,True,True,True,None;None,http://web.archive.org/web/20130702000723/http://www.smartmoney.com/,http://web.archive.org/web/20210831133142/https://www.ft.com/,http://web.archive.org/web/20210831004248/https://www.business-standard.com/,None;None,20130702000723,20210831133142,20210831004248,None
content/ID1081.eml;ICE,have,you
content/ID637.eml;Tom,the,to
content/ID193.eml;and,the,to
content/ID1565.eml;PM,and,to
content/ID889.eml;and,that,to
content/ID497.eml;by,have,the
content/ID1509.eml;chateau,We,have
content/ID493.eml;and,the,to
content/ID1809.eml;eol,and,are
content/ID1101.eml;December,Gas,natural
content/ID1021.eml;bankrupt,Houston,or
content/ID977.eml;Tom,the,you
content/ID101.eml;UBS,attendre,pm
content/ID1825.eml;of,the,to;http://www.ft.com.;301;2021-08-31 19:37:31.681676;www.ft.com;200;True;http://web.archive.org/web/20210831133142/https://www.ft.com/;20210831133142
content/ID1525.eml;and,the,to;http://www.shell.com;301;2021-08-31 19:37:33.388715;www.shell.com;200;True;http://web.archive.org/web/20210830225217/https://www.shell.com/;20210830225217
content/ID1717.eml;All,The,have
content/ID1617.eml;FT,texa,The;http://trv.dev.corp.enron.com/linkFromExcel.asp?report_cd=8&report_name;404;2021-08-31 19:37:34.624948;trv.dev.corp.enron.com;None;None;None;None
content/ID385.eml;clas,The,Weather
content/ID1129.eml;phase,the,to
content/ID41.eml;com,houston,the
content/ID897.eml;From,of,stock
content/ID1357.eml;TXU,tenaska,to
content/ID29.eml;Please,forward,to
content/ID669.eml;and,the,to
content/ID733.eml;For,the,your
content/ID373.eml;the,volume,will
content/ID1609.eml;at,that,thi
content/ID97.eml;of,the,to;http://www.enron.com,http://www.nysb.uscourts.gov/enron.html;200,403;2021-08-31 19:37:38.515058,2021-08-31 19:37:38.777311;www.enron.com,www.nysb.uscourts.gov;200,200;True,True;http://web.archive.org/web/20210813062246/http://www.enron.com/,http://web.archive.org/web/20190331183903/http://www.nysb.uscourts.gov/enron.html;20210813062246,20190331183903
content/ID893.eml;If,to,your;http://www.enerfaxdaily.com,http://www.enerfax.com;200,200;2021-08-31 19:37:40.870320,2021-08-31 19:37:41.065902;www.enerfaxdaily.com,www.enerfax.com;200,200;True,True;http://web.archive.org/web/20210323152122/http://www.enerfaxdaily.com/,http://web.archive.org/web/20210506221902/http://advertising@enerfax.com/;20210323152122,20210506221902
content/ID1109.eml;For,review,to
content/ID369.eml;of,the,to
content/ID1149.eml;Laura,have,the
content/ID313.eml;and,the,to
content/ID1341.eml;analysi,Tax,xls
content/ID1053.eml;to,will,your
content/ID1349.eml;The,following,for
content/ID1793.eml;my,to,you
content/ID205.eml;enron,and,of
content/ID389.eml;they,to,us
content/ID1117.eml;the,to,with
content/ID805.eml;Fundamentals,the,website;http://fundamentals.netco.enron.com/main.asp;404;2021-08-31 19:37:44.968378;fundamentals.netco.enron.com;None;None;None;None
content/ID1837.eml;How,does,thi
content/ID1073.eml;She,to,we
content/ID1557.eml;for,interview,the
content/ID873.eml;and,to,you
content/ID429.eml;the,to,will
content/ID1329.eml;enron,the,to;http://www.milberg.com/enron,http://www.milberg.com,http://www.enron.com.,http://www.thestreet.com/markets/detox/10002702.html,http://www.thestreet.com/markets/detox/10002713.html;403,403,200,301,301;2021-08-31 19:37:48.960017,2021-08-31 19:37:49.267416,2021-08-31 19:37:49.678350,2021-08-31 19:37:49.732498,2021-08-31 19:37:49.788583;www.milberg.com,www.milberg.com,www.enron.com,www.thestreet.com,www.thestreet.com;200,200,200,200,200;True,True,True,True,True;http://web.archive.org/web/20011214011809/http://www.milberg.com:80/enron/,http://web.archive.org/web/20210812063900/https://milberg.com/,http://web.archive.org/web/20210813062246/http://www.enron.com/,http://web.archive.org/web/20160314023557/http://www.thestreet.com/markets/detox/10002702.html,http://web.archive.org/web/20051206092437/http://www.thestreet.com:80/markets/detox/10002713.html;20011214011809,20210812063900,20210813062246,20160314023557,20051206092437
content/ID705.eml;of,the,to;http://www.Techxans.org.,http://tbutton.prnewswire.com/prn/11690X83703789;200,403;2021-08-31 19:38:02.372592,2021-08-31 19:38:02.612223;www.Techxans.org,tbutton.prnewswire.com;200,None;True,None;http://web.archive.org/web/20210127140445/http://www.techxans.org/,None;20210127140445,None
content/ID1161.eml;regard,efeitler,enron
content/ID1249.eml;attendre,in,to
content/ID1673.eml;and,in,the
content/ID1441.eml;Please,attached,see
content/ID1849.eml;do,not,to
content/ID1113.eml;and,the,to
content/ID1401.eml;for,the,to;http://www.eteamz.com/swimmariners,http://www.eteamz.com/company/sites/register,http://www.hotmail.com;404,404,301;2021-08-31 19:38:06.214571,2021-08-31 19:38:06.265978,2021-08-31 19:38:06.346233;www.eteamz.com,www.eteamz.com,www.hotmail.com;200,200,200;True,True,True;http://web.archive.org/web/20190331183856/http://www.eteamz.com/swimmariners/,http://web.archive.org/web/20040708003557/http://www.eteamz.com:80/company/sites/register/,http://web.archive.org/web/20201117222839/https://vegitui@hotmail.com;20190331183856,20040708003557,20201117222839
content/ID853.eml;be,the,will
content/ID217.eml;ID,login,the
content/ID937.eml;forward,the,will
content/ID17.eml;HoustonChronicle,com,the;http://www.chron.com/cs/CDA/story.hts/special/chron10001/911998;301;2021-08-31 19:38:14.460311;www.chron.com;200;True;http://web.archive.org/web/20041127065950/http://www.chron.com:80/cs/CDA/story.hts/special/chron10001/911998;20041127065950
content/ID1457.eml;am,of,out
content/ID1049.eml;If,PM,you
content/ID1697.eml;and,the,to
content/ID1701.eml;ID,Request,thi;http://itcapps.corp.enron.com/srrs/auth/emailLink.asp?ID=000000000070920&Page=Approval;404;2021-08-31 19:38:16.028059;itcapps.corp.enron.com;None;None;None;None
content/ID1605.eml;feedback,have,the;http://pep.enron.com;200;2021-08-31 19:38:17.339847;pep.enron.com;None;None;None;None
content/ID1781.eml;Here,is,the
content/ID25.eml;and,the,to
content/ID945.eml;about,to,we
content/ID1289.eml;be,in,will
content/ID1369.eml;hplc,the,to
content/ID1177.eml;;http://www.rrc.state.tx.us/divisions/gs/rap/storage-statistics/rsts0103.html;404;2021-08-31 19:38:20.557696;www.rrc.state.tx.us;200;True;http://web.archive.org/web/20080822033823/http://www.rrc.state.tx.us/divisions/gs/rap/storage-statistics/rsts0103.html;20080822033823
content/ID1121.eml;of,the,to
content/ID357.eml;From,message,original
content/ID973.eml;page,severe,weather;http://fundamentals.corp.enron.com/commodityWebs/ENA/Research/Weather/portal/mainWeather.asp;404;2021-08-31 19:38:22.813710;fundamentals.corp.enron.com;None;None;None;None
content/ID265.eml;FB,product,to
content/ID1429.eml;It,texa,the;http://ste.clickability.com/ste.gif?151|5180|4170|989|989|989|2577025|N|2|,http://images.clickability.com/eti/spacer.gif,http://www.texasmonthly.com,http://images.clickability.com/logos/cc0000/emailthis-logo.gif,http://images.clickability.com/partners/989/etIcon.gif,http://texasmonthly.emailthis.clickability.com/et/emailThis?clickMap=viewThis&etMailToID=1882864300,http://texasmonthly.savethis.clickability.com/st/saveThisPopupApp?clickMap=saveFromET&partnerID=989&etMailToID=1882864300,http://texasmonthly.emailthis.clickability.com/et/emailThis?clickMap=forward&etMailToID=1882864300&partnerID=989,http://texasmonthly.emailthis.clickability.com/et/emailThis?clickMap=browserButtons;404,200,403,200,200,302,302,302,302;2021-08-31 19:38:24.696670,2021-08-31 19:38:25.207414,2021-08-31 19:38:25.518500,2021-08-31 19:38:25.741142,2021-08-31 19:38:25.958371,2021-08-31 19:38:26.270439,2021-08-31 19:38:26.646234,2021-08-31 19:38:27.158670,2021-08-31 19:38:27.469078;ste.clickability.com,images.clickability.com,www.texasmonthly.com,images.clickability.com,images.clickability.com,texasmonthly.emailthis.clickability.com,texasmonthly.savethis.clickability.com,texasmonthly.emailthis.clickability.com,texasmonthly.emailthis.clickability.com;None,200,200,200,200,None,None,None,None;None,True,True,True,True,None,None,None,None;None,http://web.archive.org/web/20210717060341/http://images.clickability.com/eti/spacer.gif,http://web.archive.org/web/20210830070825/https://www.texasmonthly.com/,http://web.archive.org/web/20210717060341/http://images.clickability.com/logos/cc0000/emailthis-logo.gif,http://web.archive.org/web/20210210213029/http://images.clickability.com/partners/989/etIcon.gif,None,None,None,None;None,20210717060341,20210830070825,20210717060341,20210210213029,None,None,None,None
content/ID1345.eml;fin,notice,Phy
content/ID489.eml;and,the,to
content/ID789.eml;in,the,to
content/ID797.eml;Fundamentals,Gas,The
content/ID993.eml;days,if,the
content/ID1541.eml;All,You,to
content/ID1869.eml;of,the,to
content/ID505.eml;and,at,the;http://www.danceartsballroom.com;301;2021-08-31 19:38:39.114374;www.danceartsballroom.com;200;True;http://web.archive.org/web/20210609210507/https://www.danceartsballroom.com/;20210609210507
content/ID1301.eml;ect,hou,to
content/ID933.eml;for,in,the
content/ID829.eml;and,the,you
content/ID1677.eml;enron,the,to;http://www.thestreet.com/markets/detox/10003083.html,http://www.thestreet.com/comment/chrisedmonds/10003075.html;301,301;2021-08-31 19:38:41.124665,2021-08-31 19:38:41.178993;www.thestreet.com,www.thestreet.com;200,200;True,True;http://web.archive.org/web/20160314023355/http://www.thestreet.com/markets/detox/10003083.html,http://web.archive.org/web/20050209013109/http://www.thestreet.com:80/comment/chrisedmonds/10003075.html;20160314023355,20050209013109
content/ID337.eml;of,the,to
content/ID689.eml;that,the,to
content/ID1633.eml;Please,for,the
content/ID13.eml;hours,that,you
content/ID1829.eml;am,When,up
content/ID1593.eml;The,has,in
content/ID629.eml;employeer,the,to
content/ID117.eml;of,the,to
content/ID609.eml;all,have,please
content/ID1185.eml;high,of,who
content/ID465.eml;in,meeting,to
content/ID1669.eml;and,will,you
content/ID445.eml;ect,enron,hou
content/ID1461.eml;and,my,to
content/ID141.eml;and,in,to
content/ID777.eml;image,and,the;http://www.rigzone.com/market/surplus_listing.asp?eq_id=397;301;2021-08-31 19:38:47.639309;www.rigzone.com;200;True;http://web.archive.org/web/20021104035918/http://www.rigzone.com:80/market/surplus_listing.asp?eq_id=397;20021104035918
content/ID813.eml;com,or,ubsw
content/ID1521.eml;com,enron,to
content/ID653.eml;that,the,to
content/ID1105.eml;and,of,the
content/ID1233.eml;and,the,to
content/ID989.eml;and,of,our
content/ID1425.eml;of,the,to;http://www.oxfordprinceton.com,http://www.oxfordprinceton.com/press/ar0104.asp,http://www.oxfordprinceton.com/blue/powerindustry.asp,http://www.oxfordprinceton.com/blue/naturalgas.asp,http://www.oxfordprinceton.com/blue,http://www.oxfordprinceton.com/gold,http://www.oxfordprinceton.com/silver;301,301,301,301,301,301,301;2021-08-31 19:38:50.172473,2021-08-31 19:38:50.248237,2021-08-31 19:38:50.321790,2021-08-31 19:38:50.405835,2021-08-31 19:38:50.474328,2021-08-31 19:38:50.547327,2021-08-31 19:38:50.622915;www.oxfordprinceton.com,www.oxfordprinceton.com,www.oxfordprinceton.com,www.oxfordprinceton.com,www.oxfordprinceton.com,www.oxfordprinceton.com,www.oxfordprinceton.com;200,200,200,200,200,None,200;True,True,True,True,True,None,True;http://web.archive.org/web/20210505223744/https://www.oxfordprinceton.com/,http://web.archive.org/web/20110110014250/http://www.oxfordprinceton.com:80/press/ar0104.asp,http://web.archive.org/web/20070608040944/http://www.oxfordprinceton.com:80/blue/powerindustry.asp,http://web.archive.org/web/20070608041005/http://www.oxfordprinceton.com:80/blue/naturalgas.asp,http://web.archive.org/web/20070216042631/http://www.oxfordprinceton.com:80/blue/,None,http://web.archive.org/web/20030224164837/http://www.oxfordprinceton.com:80/silver/;20210505223744,20110110014250,20070608040944,20070608041005,20070216042631,None,20030224164837
content/ID1657.eml;access,and,you
content/ID281.eml;of,the,to;http://www.ft.com.;301;2021-08-31 19:39:07.108177;www.ft.com;200;True;http://web.archive.org/web/20210831133142/https://www.ft.com/;20210831133142
content/ID569.eml;All,to,you
content/ID277.eml;and,the,to
content/ID1773.eml;Your,and,card;http://www.bluemountain.com/home/WebsiteRules.html,http://www.bluemountain.com;301,301;2021-08-31 19:39:15.697301,2021-08-31 19:39:16.004288;www.bluemountain.com,www.bluemountain.com;200,200;True,True;http://web.archive.org/web/20011126042851/http://www.bluemountain.com:80/home/WebsiteRules.html,http://web.archive.org/web/20210828182835/https://www.bluemountain.com/;20011126042851,20210828182835
content/ID1273.eml;and,the,will
content/ID21.eml;and,the,to
content/ID793.eml;PRC,be,will
content/ID549.eml;go,to,with
content/ID913.eml;contract,day,mmbtu
content/ID1585.eml;FYI,these,the
content/ID169.eml;Please,know,let
content/ID741.eml;card,the,to
content/ID1709.eml;AGA,of,the
content/ID1405.eml;aep,the,to
content/ID513.eml;and,in,the
content/ID1181.eml;The,following,the
content/ID33.eml;january,PM,Tuesday
content/ID477.eml;Please,find,the
content/ID1729.eml;need,the,to
content/ID1201.eml;Dynegy,the,to
content/ID1841.eml;my,physical,you
content/ID293.eml;mmbtu,the,to
content/ID725.eml;enron,and,the
content/ID1037.eml;of,the,to
content/ID865.eml;the,to,you
content/ID1801.eml;at,to,you;http://personals.yahoo.com;301;2021-08-31 19:39:19.389574;personals.yahoo.com;200;True;http://web.archive.org/web/20100521015048/http://personals.yahoo.com:80/;20100521015048
content/ID981.eml;and,for,the
content/ID1065.eml;cn,that,the
content/ID1805.eml;and,to,will
content/ID1377.eml;and,the,to
content/ID757.eml;and,be,to;http://www.chunky.com/click_for_cans.asp);301;2021-08-31 19:39:21.022645;www.chunky.com;None;None;None;None
content/ID901.eml;Storage,The,report;http://trv.dev.corp.enron.com/linkFromExcel.asp?report_cd=6&report_name;404;2021-08-31 19:39:22.045767;trv.dev.corp.enron.com;None;None;None;None
content/ID437.eml;Attached,is,the
content/ID1001.eml;for,name,website;http://eastpower.test.corp.enron.com/portal/default.aspx?_PageIndex=0;404;2021-08-31 19:39:23.273166;eastpower.test.corp.enron.com;None;None;None;None
content/ID1513.eml;Begining,and,most
content/ID1029.eml;Gas,image,natural
content/ID597.eml;the,will,you
content/ID1261.eml;Jeanie,so,thank
content/ID1437.eml;May,be,to
content/ID885.eml;From,message,original
content/ID785.eml;of,the,to;http://www.ft.com.,http://www.economictimes.com,http://www.house.gov/house/MemberWWW.html,http://tbutton.prnewswire.com/prn/11690X72542557;301,301,302,403;2021-08-31 19:39:25.883166,2021-08-31 19:39:25.953369,2021-08-31 19:39:26.244547,2021-08-31 19:39:26.561057;www.ft.com,www.economictimes.com,www.house.gov,tbutton.prnewswire.com;200,200,200,None;True,True,True,None;http://web.archive.org/web/20210831133142/https://www.ft.com/,http://web.archive.org/web/20030204065615/http://www1.economictimes.com:80/,http://web.archive.org/web/20180716220411/https://www.house.gov/house/MemberWWW.html,None;20210831133142,20030204065615,20180716220411,None
content/ID997.eml;Tom,the,you
content/ID709.eml;eol,deal,in
content/ID1157.eml;and,the,to;http://home.enron.com;200;2021-08-31 19:39:30.338913;home.enron.com;200;True;http://web.archive.org/web/20210330125530/http://home.enron.com/;20210330125530
content/ID305.eml;and,the,to;http://home.enron.com/security;404;2021-08-31 19:39:32.694445;home.enron.com;None;None;None;None
content/ID173.eml;file,for,thi
content/ID93.eml;not,the,to
content/ID1453.eml;of,share,the
content/ID1753.eml;dial,in,is
content/ID89.eml;00,am,Thursday
content/ID657.eml;about,to,you
content/ID1017.eml;that,the,to
content/ID1477.eml;and,the,to
content/ID257.eml;aep,that,the
content/ID1553.eml;all,for,the
content/ID617.eml;of,the,to
content/ID213.eml;Gas,Pool,the
content/ID105.eml;DAY,next,the
content/ID541.eml;ect,hou,the
content/ID1449.eml;is,the,to
content/ID221.eml;jdmarti,mail,net
content/ID113.eml;schedule,the,to
content/ID1225.eml;of,the,to;http://www.financialexpress.com,http://peerreview.aicpa.org/firmfile--;403,303;2021-08-31 19:39:48.891185,2021-08-31 19:39:49.388610;www.financialexpress.com,peerreview.aicpa.org;200,None;True,None;http://web.archive.org/web/20210831002516/https://www.financialexpress.com/,None;20210831002516,None
content/ID273.eml;enron,the,to;http://www.forbes.com/news,http://www.forbes.com/2001/10/12/gwbush.html,http://www.forbes.com/finance/mktguideapps/compinfo/CompanyTearsheet.jhtml?tkr=DYN,http://www.forbes.com/markets/company_news.jhtml?ticker=DYN,http://www.forbes.com/peopletracker/results.jhtml?startRow=0&name=&ticker=DYN,http://www.forbes.com/finance/mktguideapps/compinfo/CompanyTearsheet.jhtml?tkr=ENE,http://www.forbes.com/markets/company_news.jhtml?ticker=ENE,http://www.forbes.com/peopletracker/results.jhtml?startRow=0&name=&ticker=ENE,http://www.forbes.com/finance/mktguideapps/compinfo/CompanyTearsheet.jhtml?tkr=CVX,http://www.forbes.com/markets/company_news.jhtml?ticker=CVX,http://www.forbes.com/peopletracker/results.jhtml?startRow=0&name=&ticker=CVX;301,301,301,301,301,301,301,301,301,301,301;2021-08-31 19:39:53.125458,2021-08-31 19:39:53.173390,2021-08-31 19:39:53.221495,2021-08-31 19:39:53.274644,2021-08-31 19:39:53.326340,2021-08-31 19:39:53.381617,2021-08-31 19:39:53.439484,2021-08-31 19:39:53.490852,2021-08-31 19:39:53.542737,2021-08-31 19:39:53.592487,2021-08-31 19:39:53.641743;www.forbes.com,www.forbes.com,www.forbes.com,www.forbes.com,www.forbes.com,www.forbes.com,www.forbes.com,www.forbes.com,www.forbes.com,www.forbes.com,www.forbes.com;200,200,200,200,None,200,200,None,200,200,None;True,True,True,True,None,True,True,None,True,True,None;http://web.archive.org/web/20210824162007/https://www.forbes.com/news/,http://web.archive.org/web/20190929105104/https://www.forbes.com/2001/10/12/gwbush.html,http://web.archive.org/web/20060427222507/http://www.forbes.com:80/finance/mktguideapps/compinfo/CompanyTearsheet.jhtml?tkr=DYN,http://web.archive.org/web/20061208143749/http://www.forbes.com:80/markets/company_news.jhtml?ticker=DYN,None,http://web.archive.org/web/20060323013656/http://www.forbes.com:80/finance/mktguideapps/compinfo/CompanyTearsheet.jhtml?tkr=ENE,http://web.archive.org/web/20060902163819/http://www.forbes.com:80/markets/company_news.jhtml?ticker=ENE,None,http://web.archive.org/web/20060213072911/http://www.forbes.com:80/finance/mktguideapps/compinfo/CompanyTearsheet.jhtml?tkr=CVX,http://web.archive.org/web/20070105222429/http://www.forbes.com:80/markets/company_news.jhtml?ticker=CVX,None;20210824162007,20190929105104,20060427222507,20061208143749,None,20060323013656,20060902163819,None,20060213072911,20070105222429,None
content/ID1165.eml;We,and,your
content/ID1173.eml;in,the,to
content/ID1169.eml;If,to,your;http://www.enerfax.com;200;2021-08-31 19:40:01.629371;www.enerfax.com;200;True;http://web.archive.org/web/20210506221902/http://advertising@enerfax.com/;20210506221902
content/ID457.eml;be,the,to
content/ID417.eml;new,the,weather
content/ID45.eml;of,the,to;http://abcnews.go.com/sections/2020/2020/ross_brian_bio.html;301;2021-08-31 19:40:11.588700;abcnews.go.com;200;True;http://web.archive.org/web/20040803193333/http://abcnews.go.com:80/sections/2020/2020/ross_brian_bio.html;20040803193333
content/ID537.eml;Gas,Pool,the
content/ID1409.eml;and,com,ubsw
content/ID849.eml;enron,the,to;http://www.enron.com,http://www.bnamericas.com,http://www.democrats.org,http://www.puc.state.tx.us;200,301,301,301;2021-08-31 19:40:19.082069,2021-08-31 19:40:19.391130,2021-08-31 19:40:20.770610,2021-08-31 19:40:22.156105;www.enron.com,www.bnamericas.com,www.democrats.org,www.puc.state.tx.us;200,200,200,200;True,True,True,True;http://web.archive.org/web/20210813062246/http://www.enron.com/,http://web.archive.org/web/20210818124846/https://bnamericas.com/,http://web.archive.org/web/20210830113858/https://democrats.org/,http://web.archive.org/web/20210227215242/https://www.puc.state.tx.us/;20210813062246,20210818124846,20210830113858,20210227215242
content/ID581.eml;Global,have,you
content/ID521.eml;netco,for,or
content/ID1489.eml;an,the,you
content/ID1621.eml;for,join,meeting
content/ID593.eml;of,the,to
content/ID1485.eml;the,to,will;http://www.factiva.com/legal/privacy.asp;301;2021-08-31 19:40:25.687317;www.factiva.com;200;True;http://web.archive.org/web/20081018170136/http://www.factiva.com:80/legal/privacy.asp?;20081018170136
content/ID1573.eml;00,nexi,to;http://esource.enron.com/training.htm;404;2021-08-31 19:40:27.581155;esource.enron.com;None;None;None;None
content/ID1041.eml;Not,Tom,you
content/ID1009.eml;of,the,to;http://www.smartmoney.com/.,http://www.straffordpub.com/products/can/index.html).,http://www.straffordpub.com/headlines/consulting.html).,http://www.straffordpub.com/products/can/index.html);301,301,301,301;2021-08-31 19:40:30.023535,2021-08-31 19:40:30.257591,2021-08-31 19:40:30.469048,2021-08-31 19:40:30.693625;www.smartmoney.com,www.straffordpub.com,www.straffordpub.com,www.straffordpub.com;200,None,None,None;True,None,None,None;http://web.archive.org/web/20130702000723/http://www.smartmoney.com/,None,None,None;20130702000723,None,None,None
content/ID1625.eml;et,enron,the
content/ID1721.eml;and,the,to
content/ID469.eml;that,to,your
content/ID1577.eml;EWS,enron,of
content/ID425.eml;Gas,Pool,the
content/ID685.eml;is,seats,to
content/ID1321.eml;ect,enron,na
content/ID1545.eml;option,the,to
content/ID341.eml;May,days,the
content/ID1637.eml;ClickAtHome,and,the
content/ID245.eml;at,that,thi
content/ID381.eml;Below,Dinner,the
content/ID1093.eml;are,employment,to
content/ID485.eml;ena,the,to
content/ID1317.eml;expense,following,report;http://expensexms.enron.com;200;2021-08-31 19:40:36.900919;expensexms.enron.com;None;None;None;None
content/ID1269.eml;and,the,to
content/ID1761.eml;of,the,to
content/ID1705.eml;the,to,you
content/ID153.eml;enron,and,availabl
content/ID869.eml;and,the,to
content/ID181.eml;and,the,to
content/ID1305.eml;and,com,the
content/ID241.eml;December,Gas,natural
content/ID1737.eml;and,the,to
content/ID1693.eml;For,those,you
content/ID1641.eml;Fundamentals,message,original
content/ID345.eml;of,the,to
content/ID301.eml;and,in,the
content/ID81.eml;of,the,to;http://wsj.com.;404;2021-08-31 19:40:40.262734;wsj.com;200;True;http://web.archive.org/web/20210831064750/https://www.wsj.com/;20210831064750
content/ID1237.eml;and,to,yr
content/ID517.eml;hsc,he,to
content/ID1253.eml;Here,is,the
content/ID1777.eml;in,the,to;http://www.enron.com/corp;404;2021-08-31 19:40:43.249046;www.enron.com;200;True;http://web.archive.org/web/20190628043439/http://www.enron.com/corp/;20190628043439
content/ID1589.eml;center,the,to
content/ID737.eml;enron,of,you
content/ID161.eml;investment,the,your
content/ID925.eml;Dave,the,to
content/ID661.eml;and,mapping,to
content/ID1193.eml;do,mail,voice
content/ID349.eml;the,to,will
content/ID645.eml;eol,and,non
content/ID665.eml;sent,thi,you
content/ID1833.eml;of,the,to
content/ID1689.eml;plan,Savings,the
content/ID1085.eml;celebration,to,you
content/ID953.eml;and,the,to
content/ID393.eml;hr,remaining,vac
content/ID621.eml;and,of,the
content/ID229.eml;Wednesday,the,you
content/ID309.eml;the,to,your
content/ID681.eml;of,the,to
content/ID1353.eml;the,to,will
content/ID289.eml;Ed,have,the
content/ID673.eml;and,the,will
content/ID697.eml;Broker,client,com
content/ID365.eml;investment,the,your
content/ID461.eml;ERCOT,list,our
content/ID1057.eml;the,to,your
content/ID1601.eml;enron,the,ve;http://home.enron.com/updates/mergerQA.html;404;2021-08-31 19:40:47.140455;home.enron.com;None;None;None;None
content/ID1209.eml;and,during,orig
content/ID809.eml;Latest,file
content/ID377.eml;is,the,you
content/ID1245.eml;enron,stock,the
content/ID165.eml;Intramonth,texa,The;http://trv.dev.corp.enron.com/linkFromExcel.asp?report_cd=7&report_name;404;2021-08-31 19:40:48.368818;trv.dev.corp.enron.com;None;None;None;None
content/ID529.eml;AstroWorld,enron,to
content/ID693.eml;There,will,you
content/ID1313.eml;am,the,to
content/ID129.eml;00,2002,PM
content/ID1549.eml;enron,the,to
content/ID881.eml;of,the,to
content/ID409.eml;Please,see,the
content/ID1733.eml;PRC,the,will
content/ID509.eml;of,the,to
content/ID1297.eml;Blue,image,to;http://www.americanexpress.com/tmgmblue/?id=4889290166;301;2021-08-31 19:40:59.058314;www.americanexpress.com;None;None;None;None
content/ID1645.eml;the,time,wer
content/ID1033.eml;the,to,will
content/ID1045.eml;of,the,to;http://www.enron.com;200;2021-08-31 19:41:00.659210;www.enron.com;200;True;http://web.archive.org/web/20210813062246/http://www.enron.com/;20210813062246
content/ID1597.eml;eol,the,top
content/ID1333.eml;enron,in,the;http://cr.enron.com/eia.html;404;2021-08-31 19:41:01.682435;cr.enron.com;None;None;None;None
content/ID57.eml;per,our,phone
content/ID1789.eml;for,to,your
content/ID525.eml;and,of,the
content/ID133.eml;Desk,Please,heads
content/ID1421.eml;image
content/ID53.eml;Ina,Rangel,to
content/ID841.eml;Gas,Pool,the
content/ID1533.eml;the,you,your
content/ID721.eml;the,to,you
content/ID1745.eml;From,message,original
content/ID917.eml;Christmas,the,to
content/ID781.eml;the,to,with
content/ID225.eml;of,the,to;http://forbes.com/2001/05/02/0502nocrisis.html,http://www.stockpickreport.com,http://www.stockpickreport.com/ratings.htm,http://www.stockpickreport.com/order.htm,http://www.stockpickreport.com/index.htm;301,302,302,302,302;2021-08-31 19:41:05.180271,2021-08-31 19:41:05.877573,2021-08-31 19:41:06.188454,2021-08-31 19:41:06.495583,2021-08-31 19:41:06.718796;forbes.com,www.stockpickreport.com,www.stockpickreport.com,www.stockpickreport.com,www.stockpickreport.com;200,200,200,200,200;True,True,True,True,True;http://web.archive.org/web/20150905140008/http://www.forbes.com/2001/05/02/0502nocrisis.html,http://web.archive.org/web/20161009082641/http://stockpickreport.com/,http://web.archive.org/web/20020627090838/http://www.stockpickreport.com:80/ratings.htm,http://web.archive.org/web/20040420110520/http://www.stockpickreport.com:80/order.htm,http://web.archive.org/web/20040216013737/http://www.stockpickreport.com:80/index.htm;20150905140008,20161009082641,20020627090838,20040420110520,20040216013737
content/ID1013.eml;of,the,to
content/ID825.eml;of,the,to;http://www.ft.com.;301;2021-08-31 19:41:17.729707;www.ft.com;200;True;http://web.archive.org/web/20210831133142/https://www.ft.com/;20210831133142
content/ID845.eml;of,the,vacation
content/ID77.eml;of,the,to;http://www.thestreet.com/markets/dumbest/10003035.html,http://www.spectorandroseman.com.,http://tbutton.prnewswire.com/prn/11690X17742762,http://www.enron.com;301,200,403,200;2021-08-31 19:41:21.949969,2021-08-31 19:41:23.177196,2021-08-31 19:41:23.492506,2021-08-31 19:41:23.806094;www.thestreet.com,www.spectorandroseman.com,tbutton.prnewswire.com,www.enron.com;200,200,None,200;True,True,None,True;http://web.archive.org/web/20050306224737/http://www.thestreet.com:80/markets/dumbest/10003035.html,http://web.archive.org/web/20190701192509/http://spectorandroseman.com/,None,http://web.archive.org/web/20210813062246/http://www.enron.com/;20050306224737,20190701192509,None,20210813062246
content/ID1469.eml;and,can,we
